beneficiaria_nome;beneficiaria_nome_norm;valor_repasse
GBMAR - GRUPAMENTO DE BOMBEIRO MARÍTIMO;GBMAR - GRUPAMENTO DE BOMBEIRO MARITIMO;6000,0
BOMBEIROS - PRIMEIRO SUBGRUPAMENTO DO 6Âº GB;BOMBEIROS - PRIMEIRO SUBGRUPAMENTO DO 6AO GB;20000,0
AEECS - ASSOCIAÇÃO ESPORTIVA, EDUCACIONAL, CULTURAL E SOCIAL FORMANDO CIDADÃO;AEECS - ASSOCIACAO ESPORTIVA, EDUCACIONAL, CULTURAL E SOCIAL FORMANDO CIDADAO;0,0
APM DA UME PROFESSORA MARIA DE LOURDES BORGES  BERNAL;APM DA UME PROFESSORA MARIA DE LOURDES BORGES  BERNAL;8855,46
APM DA UME IRMÃO JOSE GENESIO;APM DA UME IRMAO JOSE GENESIO;5038,74
APM DA UME DOS ANDRADAS II;APM DA UME DOS ANDRADAS II;5139,18
APM DA UME SAMUEL AUGUSTO LEÃO DE MOURA;APM DA UME SAMUEL AUGUSTO LEAO DE MOURA;4971,78
APM DA UME LOURDES ORTIZ;APM DA UME LOURDES ORTIZ;9608,76
APM DA UME OLIVIA FERNANDES;APM DA UME OLIVIA FERNANDES;3481,92
APM DA UME JUDOCA RICARDO SAMPAIO CARDOSO;APM DA UME JUDOCA RICARDO SAMPAIO CARDOSO;6930,36
APM DA UME PROFESSORA MAGALI ALONSO;APM DA UME PROFESSORA MAGALI ALONSO;2276,64
APM DA UME YARA NASCIMENTO SANTINI;APM DA UME YARA NASCIMENTO SANTINI;3348,0
APM DA UME DR. NELSON DE TOLEDO PIZA;APM DA UME DR. NELSON DE TOLEDO PIZA;3264,3
APM DA UME PEDRO II;APM DA UME PEDRO II;11734,74
APM DA UME OSWALDO JUSTO;APM DA UME OSWALDO JUSTO;11667,78
APM DA UME PROFESSORA MARIA LUIZA ALONSO SILVAÂ ;APM DA UME PROFESSORA MARIA LUIZA ALONSO SILVAA;7214,94
APM DA UME AUXILIADORA DA INSTRUÇÃO;APM DA UME AUXILIADORA DA INSTRUCAO;6126,84
APM DA UME VINTE E OITO DE FEVEREIRO;APM DA UME VINTE E OITO DE FEVEREIRO;16154,1
APM DA UME DR. PORCHAT DE ASSIS;APM DA UME DR. PORCHAT DE ASSIS;3230,82
APM DA UME PADRE LEONARDO NUNES;APM DA UME PADRE LEONARDO NUNES;18648,36
APM DA UME JOSÉ DA COSTA BARBOSA ;APM DA UME JOSE DA COSTA BARBOSA;2192,94
APM DA UME LEONOR MENDES DE BARROS;APM DA UME LEONOR MENDES DE BARROS;3833,46
APM DA UME PREFEITO PAULO GOMES BARBOSA;APM DA UME PREFEITO PAULO GOMES BARBOSA;8972,64
APM DA UME PROFESSORA MARIA LÚCIA PRANDI;APM DA UME PROFESSORA MARIA LUCIA PRANDI;2360,34
APM DA UME PREFEITO ESMERALDO TARQUÍNIO;APM DA UME PREFEITO ESMERALDO TARQUINIO;12019,32
APM DA UME NOEL GOMES FERREIRA;APM DA UME NOEL GOMES FERREIRA;2896,02
APM DA UME PROFESSORA THEREZINHA DE JESUS SIQUEIRA PIMENTEL;APM DA UME PROFESSORA THEREZINHA DE JESUS SIQUEIRA PIMENTEL;11433,42
APM DA UME GOTA DE LEITE;APM DA UME GOTA DE LEITE;5005,26
APM DA UME LYDIA FEDERICI;APM DA UME LYDIA FEDERICI;2192,94
APM DA UME EDMÉA LADEVIG;APM DA UME EDMEA LADEVIG;7248,42
APM DA UME JOSÉ BONIFÁCIO;APM DA UME JOSE BONIFACIO;5808,78
APM DA UME LUIZ CARLOS PRESTES;APM DA UME LUIZ CARLOS PRESTES;3364,74
APM DA UME DR ALCIDES LOBO VIANA;APM DA UME DR ALCIDES LOBO VIANA;4017,6
APM DA UME PROFESSORA EMÍLIA MARIA REIS;APM DA UME PROFESSORA EMILIA MARIA REIS;9859,86
APM DA UME DR. JOSÉ CARLOS DE AZEVEDO JÚNIOR;APM DA UME DR. JOSE CARLOS DE AZEVEDO JUNIOR;13693,32
APM DA UME PROFESSOR ANTÔNIO DE OLIVEIRA PASSOS SOBRINHO;APM DA UME PROFESSOR ANTONIO DE OLIVEIRA PASSOS SOBRINHO;4084,56
APM DA UME DEPUTADO RUBENS LARA;APM DA UME DEPUTADO RUBENS LARA;11148,84
APM DA UME PROFESSORA MARIA LUIZA SIMÕES RIBEIRO;APM DA UME PROFESSORA MARIA LUIZA SIMOES RIBEIRO;2711,88
APM DA UME PROFESSOR WALDERY DE ALMEIDA;APM DA UME PROFESSOR WALDERY DE ALMEIDA;8118,9
APM DA UME PROFESSORA IVETA MESQUITA NOGUEIRA;APM DA UME PROFESSORA IVETA MESQUITA NOGUEIRA;2511,0
APM DA UME DR. FERNANDO COSTA;APM DA UME DR. FERNANDO COSTA;8336,52
APM DA UME PROFESSOR MÃRIO DE ALMEIDA ALCÃ‚NTARA;APM DA UME PROFESSOR MARIO DE ALMEIDA ALCANTARA;12705,66
APM DA UME DR JOSÉ DA COSTA E SILVA SOBRINHO;APM DA UME DR JOSE DA COSTA E SILVA SOBRINHO;7499,52
APM DA UME COLÉGIO SANTISTA;APM DA UME COLEGIO SANTISTA;11349,72
APM DA UME BARÃO DO RIO BRANCO ;APM DA UME BARAO DO RIO BRANCO;8085,42
APM DA UME PROFESSOR ANTONIO DEMÃ“STENES DE SOUZA BRITTO;APM DA UME PROFESSOR ANTONIO DEMASTENES DE SOUZA BRITTO;7399,08
APM DA UME PROFESSOR PEDRO CRESCENTI;APM DA UME PROFESSOR PEDRO CRESCENTI;15216,66
APM DA UME RURAL MONTE CABRÃO;APM DA UME RURAL MONTE CABRAO;3900,42
APM DA UME PROFESSORA MARIA CARMELITA PROOST VILLAÇA;APM DA UME PROFESSORA MARIA CARMELITA PROOST VILLACA;3130,38
APM DA UME PROFESSOR AVELINO DA PAZ VIEIRA;APM DA UME PROFESSOR AVELINO DA PAZ VIEIRA;5708,34
APM DA UME DOS ANDRADAS I;APM DA UME DOS ANDRADAS I;5440,5
APM DA UME CELY DE MOURA NEGRINI;APM DA UME CELY DE MOURA NEGRINI;7717,14
APM DA UME PROFESSOR FLORESTAN FERNANDES;APM DA UME PROFESSOR FLORESTAN FERNANDES;9792,9
APM DA UME HILDA D ONÓFRIO PAPA;APM DA UME HILDA D ONOFRIO PAPA;820,26
APM DA UME PADRE WALDEMAR VALLE MARTINS;APM DA UME PADRE WALDEMAR VALLE MARTINS;3866,94
APM DA UME OLAVO BILAC;APM DA UME OLAVO BILAC;9541,8
APM DA UME AYRTON SENNA DA SILVA;APM DA UME AYRTON SENNA DA SILVA;9391,14
APM DA UME DOUTOR CYRO DE ATHAYDE CARNEIRO;APM DA UME DOUTOR CYRO DE ATHAYDE CARNEIRO;3783,24
APM DA UME EUNICE CALDAS;APM DA UME EUNICE CALDAS;3147,12
APM DA UME DR. DINO BUENO;APM DA UME DR. DINO BUENO;6779,7
APM DA UME PROFESSOR JOÃO PAPA SOBRINHO;APM DA UME PROFESSOR JOAO PAPA SOBRINHO;5992,92
AEECS - ASSOCIAÇÃO ESPORTIVA, EDUCACIONAL, CULTURAL E SOCIAL FORMANDO CIDADÃO;AEECS - ASSOCIACAO ESPORTIVA, EDUCACIONAL, CULTURAL E SOCIAL FORMANDO CIDADAO;35560,0
APM DA UME PADRE LÚCIO FLORO;APM DA UME PADRE LUCIO FLORO;3565,62
ONG VIVA BICHO;ONG VIVA BICHO;0,0
APM DA UME HILDA RABAÇA;APM DA UME HILDA RABACA;1908,36
APM DA UME PROFESSORA MARIA HELENA ROXO;APM DA UME PROFESSORA MARIA HELENA ROXO;837,0
APM DA UME DEROSSE JOSÉ DE OLIVEIRA;APM DA UME DEROSSE JOSE DE OLIVEIRA;2778,84
APM DA UME MARIA PATRICIA;APM DA UME MARIA PATRICIA;3783,24
APM DA UME DOUTOR LUIZ LOPES;APM DA UME DOUTOR LUIZ LOPES;1674,0
APM DA UME VEREADOR JOÃO IGNÁCIO DE SOUZA;APM DA UME VEREADOR JOAO IGNACIO DE SOUZA;3883,68
APM DA UME REGINA ALTMAN;APM DA UME REGINA ALTMAN;2912,76
APM DA UME PROFESSORA MARGARETH BUCHMANN;APM DA UME PROFESSORA MARGARETH BUCHMANN;3716,28
APM DA UME CLAUDIA HELENA DOS SANTOS OLIVEIRA CORREA;APM DA UME CLAUDIA HELENA DOS SANTOS OLIVEIRA CORREA;1506,6
APM DA UME SANDRA CRISTINA TEIXEIRA DA GAMA;APM DA UME SANDRA CRISTINA TEIXEIRA DA GAMA;3548,88
APM DA UME JOÃO WALTER SAMPAIO SMOLKA;APM DA UME JOAO WALTER SAMPAIO SMOLKA;3147,12
APM DA UME ELSA VIRTUOSO;APM DA UME ELSA VIRTUOSO;2142,72
APM DA UME PROFESSOR JOSÉ DE SÁ PORTO;APM DA UME PROFESSOR JOSE DE SA PORTO;3214,08
APM DA UME ANÍZIO BENTO;APM DA UME ANIZIO BENTO;3749,76
APM DA UME LUIZ ALCA DE SANT'ANNA;APM DA UME LUIZ ALCA DE SANT'ANNA;3414,96
APM DA UME PADRE FRANCISCO LEITE;APM DA UME PADRE FRANCISCO LEITE;4251,96
APM DA UME CANDINHA RIBEIRO DE MENDONÇA;APM DA UME CANDINHA RIBEIRO DE MENDONCA;1573,56
APM DA UME LAURIVAL RODRIGUES;APM DA UME LAURIVAL RODRIGUES;2745,36
APM DA UME GENERAL CLÓVIS BANDEIRA BRASIL;APM DA UME GENERAL CLOVIS BANDEIRA BRASIL;3917,16
APM DA UME FLÁVIO CIPRIANO BARBOSA;APM DA UME FLAVIO CIPRIANO BARBOSA;1707,48
APM DA UME PROFESSORA MAGALI ALONSO;APM DA UME PROFESSORA MAGALI ALONSO;0,0
APM DA UME GEMMA REBELLO;APM DA UME GEMMA REBELLO;2979,72
APM DA UME PROFESSOR ORLANDO ADEGAS;APM DA UME PROFESSOR ORLANDO ADEGAS;2176,2
APM DA UME TEREZINHA MARIA CALÇADA BASTOS;APM DA UME TEREZINHA MARIA CALCADA BASTOS;3783,24
AEECS - ASSOCIAÇÃO ESPORTIVA, EDUCACIONAL, CULTURAL E SOCIAL FORMANDO CIDADÃO;AEECS - ASSOCIACAO ESPORTIVA, EDUCACIONAL, CULTURAL E SOCIAL FORMANDO CIDADAO;17780,0
APM DA UME DOS ANDRADAS II;APM DA UME DOS ANDRADAS II;5341,8
CENEP - FUNDAÇÃO CENTRO DE EXCELÊNCIA PORTUÁRIA DE SANTOS;CENEP - FUNDACAO CENTRO DE EXCELENCIA PORTUARIA DE SANTOS;120000,0
APM DA UME PROFESSORA THEREZINHA DE JESUS SIQUEIRA PIMENTEL;APM DA UME PROFESSORA THEREZINHA DE JESUS SIQUEIRA PIMENTEL;11884,2
APM DA UME CANDINHA RIBEIRO DE MENDONÇA;APM DA UME CANDINHA RIBEIRO DE MENDONCA;1604,58
APM DA UME ANÍZIO BENTO;APM DA UME ANIZIO BENTO;3823,68
APM DA UME ANÍZIO BENTO;APM DA UME ANIZIO BENTO;3897,6
APM DA UME CANDINHA RIBEIRO DE MENDONÇA;APM DA UME CANDINHA RIBEIRO DE MENDONCA;1635,6
APM DA UME HILDA RABAÇA;APM DA UME HILDA RABACA;1945,98
ASSOCIAÇÃO EMEENE DE SANTOS - CRECHE MUNDO NOVO;ASSOCIACAO EMEENE DE SANTOS - CRECHE MUNDO NOVO;520158,0
SOCIEDADE VISCONDE DE SÃO LEOPOLDO - UNIVERSIDADE CATÓLICA DE SANTOS - RESTAURANTE ESCOLA;SOCIEDADE VISCONDE DE SAO LEOPOLDO - UNIVERSIDADE CATOLICA DE SANTOS - RESTAURANTE ESCOLA;155275,71
ASSOCIAÇÃO EMEENE DE SANTOS - CRECHE MUNDO NOVO;ASSOCIACAO EMEENE DE SANTOS - CRECHE MUNDO NOVO;376558,25
APM DA UME GENERAL CLÓVIS BANDEIRA BRASIL;APM DA UME GENERAL CLOVIS BANDEIRA BRASIL;3994,38
APM DA UME AUXILIADORA DA INSTRUÇÃO;APM DA UME AUXILIADORA DA INSTRUCAO;6368,4
APM DA UME PROFESSOR ANTÔNIO DE OLIVEIRA PASSOS SOBRINHO;APM DA UME PROFESSOR ANTONIO DE OLIVEIRA PASSOS SOBRINHO;4245,6
APM DA UME REGINA ALTMAN;APM DA UME REGINA ALTMAN;2970,1800000000003
APM DA UME JUDOCA RICARDO SAMPAIO CARDOSO;APM DA UME JUDOCA RICARDO SAMPAIO CARDOSO;7203,6
APM DA UME EDMÉA LADEVIG;APM DA UME EDMEA LADEVIG;7534,2
APM DA UME DR. FERNANDO COSTA;APM DA UME DR. FERNANDO COSTA;8665,2
APM DA UME LUIZ ALCA DE SANT'ANNA;APM DA UME LUIZ ALCA DE SANT'ANNA;3482,28
APM DA UME JOSÉ BONIFÁCIO;APM DA UME JOSE BONIFACIO;6037,8
APM DA UME LYDIA FEDERICI;APM DA UME LYDIA FEDERICI;2279,4
APM DA UME PROFESSORA MAGALI ALONSO;APM DA UME PROFESSORA MAGALI ALONSO;2366,4
APM DA UME DR. NELSON DE TOLEDO PIZA;APM DA UME DR. NELSON DE TOLEDO PIZA;3393,0
APM DA UME OLIVIA FERNANDES;APM DA UME OLIVIA FERNANDES;3619,2
APM DA UME DR. PORCHAT DE ASSIS;APM DA UME DR. PORCHAT DE ASSIS;3358,2
APM DA UME GOTA DE LEITE;APM DA UME GOTA DE LEITE;5202,6
APM DA UME PROFESSORA MARIA HELENA ROXO;APM DA UME PROFESSORA MARIA HELENA ROXO;853,5
APM DA UME PROFESSOR FLORESTAN FERNANDES;APM DA UME PROFESSOR FLORESTAN FERNANDES;10179,0
APM DA UME OLAVO BILAC;APM DA UME OLAVO BILAC;9918,0
APM DA UME TEREZINHA MARIA CALÇADA BASTOS;APM DA UME TEREZINHA MARIA CALCADA BASTOS;3857,82
APM DA UME PADRE WALDEMAR VALLE MARTINS;APM DA UME PADRE WALDEMAR VALLE MARTINS;4019,4
APM DA UME DR. DINO BUENO;APM DA UME DR. DINO BUENO;7047,0
APM DA UME DR JOSÉ DA COSTA E SILVA SOBRINHO;APM DA UME DR JOSE DA COSTA E SILVA SOBRINHO;7795,2
APM DA UME PROFESSOR ANTONIO DEMÃ“STENES DE SOUZA BRITTO;APM DA UME PROFESSOR ANTONIO DEMASTENES DE SOUZA BRITTO;7690,8
APM DA UME VINTE E OITO DE FEVEREIRO;APM DA UME VINTE E OITO DE FEVEREIRO;16791,0
APM DA UME PROFESSOR WALDERY DE ALMEIDA;APM DA UME PROFESSOR WALDERY DE ALMEIDA;8439,0
APM DA UME COLÉGIO SANTISTA;APM DA UME COLEGIO SANTISTA;11797,2
APM DA UME PROFESSOR JOÃO PAPA SOBRINHO;APM DA UME PROFESSOR JOAO PAPA SOBRINHO;6229,2
APM DA UME DEPUTADO RUBENS LARA;APM DA UME DEPUTADO RUBENS LARA;11588,4
APM DA UME HILDA D ONÓFRIO PAPA;APM DA UME HILDA D ONOFRIO PAPA;852,6
APM DA UME AYRTON SENNA DA SILVA;APM DA UME AYRTON SENNA DA SILVA;9761,4
APM DA UME LEONOR MENDES DE BARROS;APM DA UME LEONOR MENDES DE BARROS;3984,6
APM DA UME LAURIVAL RODRIGUES;APM DA UME LAURIVAL RODRIGUES;2799,48
APM DA UME RURAL MONTE CABRÃO;APM DA UME RURAL MONTE CABRAO;4054,2
APM DA UME FLÁVIO CIPRIANO BARBOSA;APM DA UME FLAVIO CIPRIANO BARBOSA;1741,14
APM DA UME LUIZ CARLOS PRESTES;APM DA UME LUIZ CARLOS PRESTES;3497,4
APM DA UME JOÃO WALTER SAMPAIO SMOLKA;APM DA UME JOAO WALTER SAMPAIO SMOLKA;3209,16
APM DA UME CLAUDIA HELENA DOS SANTOS OLIVEIRA CORREA;APM DA UME CLAUDIA HELENA DOS SANTOS OLIVEIRA CORREA;1536,3
APM DA UME PROFESSORA MARIA LUIZA SIMÕES RIBEIRO;APM DA UME PROFESSORA MARIA LUIZA SIMOES RIBEIRO;2818,8
APM DA UME SANDRA CRISTINA TEIXEIRA DA GAMA;APM DA UME SANDRA CRISTINA TEIXEIRA DA GAMA;3618,84
APM DA UME PROFESSORA IVETA MESQUITA NOGUEIRA;APM DA UME PROFESSORA IVETA MESQUITA NOGUEIRA;2610,0
APM DA UME DOS ANDRADAS I;APM DA UME DOS ANDRADAS I;5655,0
APM DA UME CELY DE MOURA NEGRINI;APM DA UME CELY DE MOURA NEGRINI;8021,4
APM DA UME LOURDES ORTIZ;APM DA UME LOURDES ORTIZ;9987,6
APM DA UME PROFESSORA MARIA LÚCIA PRANDI;APM DA UME PROFESSORA MARIA LUCIA PRANDI;2453,4
APM DA UME PROFESSORA MARIA LUIZA ALONSO SILVAÂ ;APM DA UME PROFESSORA MARIA LUIZA ALONSO SILVAA;7499,4
APM DA UME DR. JOSÉ CARLOS DE AZEVEDO JÚNIOR;APM DA UME DR. JOSE CARLOS DE AZEVEDO JUNIOR;14233,2
APM DA UME PADRE LEONARDO NUNES;APM DA UME PADRE LEONARDO NUNES;19383,6
APM DA UME PREFEITO ESMERALDO TARQUÍNIO;APM DA UME PREFEITO ESMERALDO TARQUINIO;12493,2
APM DA UME EUNICE CALDAS;APM DA UME EUNICE CALDAS;3271,2
APM DA UME BARÃO DO RIO BRANCO ;APM DA UME BARAO DO RIO BRANCO;8404,2
APM DA UME PREFEITO PAULO GOMES BARBOSA;APM DA UME PREFEITO PAULO GOMES BARBOSA;9326,4
APM DA UME OSWALDO JUSTO;APM DA UME OSWALDO JUSTO;12127,8
APM DA UME PADRE FRANCISCO LEITE;APM DA UME PADRE FRANCISCO LEITE;4335,780000000001
APM DA UME IRMÃO JOSE GENESIO;APM DA UME IRMAO JOSE GENESIO;5237,4
APM DA UME PROFESSOR PEDRO CRESCENTI;APM DA UME PROFESSOR PEDRO CRESCENTI;15816,6
APM DA UME PROFESSORA MARGARETH BUCHMANN;APM DA UME PROFESSORA MARGARETH BUCHMANN;3789,54
APM DA UME PROFESSOR ORLANDO ADEGAS;APM DA UME PROFESSOR ORLANDO ADEGAS;2219,1
APM DA UME NOEL GOMES FERREIRA;APM DA UME NOEL GOMES FERREIRA;3010,2
APM DA UME DEROSSE JOSÉ DE OLIVEIRA;APM DA UME DEROSSE JOSE DE OLIVEIRA;2833,62
APM DA UME JOSÉ DA COSTA BARBOSA ;APM DA UME JOSE DA COSTA BARBOSA;2279,4
APM DA UME MARIA PATRICIA;APM DA UME MARIA PATRICIA;3857,82
APM DA UME DOUTOR LUIZ LOPES;APM DA UME DOUTOR LUIZ LOPES;1707,0
APM DA UME GEMMA REBELLO;APM DA UME GEMMA REBELLO;3038,46
APM DA UME ELSA VIRTUOSO;APM DA UME ELSA VIRTUOSO;2184,96
APM DA UME PROFESSOR JOSÉ DE SÁ PORTO;APM DA UME PROFESSOR JOSE DE SA PORTO;3277,44
APM DA UME DOUTOR CYRO DE ATHAYDE CARNEIRO;APM DA UME DOUTOR CYRO DE ATHAYDE CARNEIRO;3932,4
APM DA UME PROFESSORA EMÍLIA MARIA REIS;APM DA UME PROFESSORA EMILIA MARIA REIS;10248,6
APM DA UME PROFESSORA MARIA DE LOURDES BORGES  BERNAL;APM DA UME PROFESSORA MARIA DE LOURDES BORGES  BERNAL;9204,6
APM DA UME PADRE LÚCIO FLORO;APM DA UME PADRE LUCIO FLORO;3706,2
APM DA UME YARA NASCIMENTO SANTINI;APM DA UME YARA NASCIMENTO SANTINI;3414,0
APM DA UME PROFESSOR AVELINO DA PAZ VIEIRA;APM DA UME PROFESSOR AVELINO DA PAZ VIEIRA;5933,4
APM DA UME PEDRO II;APM DA UME PEDRO II;12197,4
APM DA UME VEREADOR JOÃO IGNÁCIO DE SOUZA;APM DA UME VEREADOR JOAO IGNACIO DE SOUZA;3960,24
APM DA UME SAMUEL AUGUSTO LEÃO DE MOURA;APM DA UME SAMUEL AUGUSTO LEAO DE MOURA;5167,8
APM DA UME PROFESSOR MÃRIO DE ALMEIDA ALCÃ‚NTARA;APM DA UME PROFESSOR MARIO DE ALMEIDA ALCANTARA;13206,6
APM DA UME PROFESSORA MARIA CARMELITA PROOST VILLAÇA;APM DA UME PROFESSORA MARIA CARMELITA PROOST VILLACA;3253,8
APM DA UME DR ALCIDES LOBO VIANA;APM DA UME DR ALCIDES LOBO VIANA;4176,0
LIVRESCOOP - COOPERATIVA AGROECOLÓGICA DE TRABALHADORES DA AGRICULTURA FAMILIAR;LIVRESCOOP - COOPERATIVA AGROECOLOGICA DE TRABALHADORES DA AGRICULTURA FAMILIAR;148881,6
ALSAPEM - ASSOCIAÇÃO DO LITORAL SANTISTA DE AMIGOS E PORTADORES DE ESCLEROSE MÚLTIPLA;ALSAPEM - ASSOCIACAO DO LITORAL SANTISTA DE AMIGOS E PORTADORES DE ESCLEROSE MULTIPLA;257500,0
ACAUSA - INSTITUTO LUIZ ALCA;ACAUSA - INSTITUTO LUIZ ALCA;265000,0
ACAUSA - INSTITUTO LUIZ ALCA;ACAUSA - INSTITUTO LUIZ ALCA;0,0
ASSOCIAÇÃO EMEENE DE SANTOS - CRECHE MUNDO NOVO;ASSOCIACAO EMEENE DE SANTOS - CRECHE MUNDO NOVO;371734,77
LIVRESCOOP - COOPERATIVA AGROECOLÓGICA DE TRABALHADORES DA AGRICULTURA FAMILIAR;LIVRESCOOP - COOPERATIVA AGROECOLOGICA DE TRABALHADORES DA AGRICULTURA FAMILIAR;0,0
ALSAPEM - ASSOCIAÇÃO DO LITORAL SANTISTA DE AMIGOS E PORTADORES DE ESCLEROSE MÚLTIPLA;ALSAPEM - ASSOCIACAO DO LITORAL SANTISTA DE AMIGOS E PORTADORES DE ESCLEROSE MULTIPLA;0,0
CENTRO COMUNITARIO MARECHAL HUMBERTO DE ALENCAR CASTELO BRANCO;CENTRO COMUNITARIO MARECHAL HUMBERTO DE ALENCAR CASTELO BRANCO;1123,84
COT - CENTRO ORGANIZATIVO DOS TRABALHADORES;COT - CENTRO ORGANIZATIVO DOS TRABALHADORES;172564,13
APM DA UME REGINA ALTMAN;APM DA UME REGINA ALTMAN;3027,6
APM DA UME CLAUDIA HELENA DOS SANTOS OLIVEIRA CORREA;APM DA UME CLAUDIA HELENA DOS SANTOS OLIVEIRA CORREA;1566,0
APM DA UME SANDRA CRISTINA TEIXEIRA DA GAMA;APM DA UME SANDRA CRISTINA TEIXEIRA DA GAMA;3688,8
APM DA UME PROFESSORA MARIA HELENA ROXO;APM DA UME PROFESSORA MARIA HELENA ROXO;870,0
APM DA UME LUIZ CARLOS PRESTES;APM DA UME LUIZ CARLOS PRESTES;3497,0
APM DA UME JOÃO WALTER SAMPAIO SMOLKA;APM DA UME JOAO WALTER SAMPAIO SMOLKA;3271,2
APM DA UME GEMMA REBELLO;APM DA UME GEMMA REBELLO;3097,2
COT - CENTRO ORGANIZATIVO DOS TRABALHADORES;COT - CENTRO ORGANIZATIVO DOS TRABALHADORES;0,0
CENTRO CULTURAL ESPORTIVO SOCIAL E LAZER ESCOLA DE SAMBA DRAGOES DO CASTELO (METROPOLITANA);CENTRO CULTURAL ESPORTIVO SOCIAL E LAZER ESCOLA DE SAMBA DRAGOES DO CASTELO (METROPOLITANA);108000,0
APM DA UME VEREADOR JOÃO IGNÁCIO DE SOUZA;APM DA UME VEREADOR JOAO IGNACIO DE SOUZA;4036,79
APM DA UME LAURIVAL RODRIGUES;APM DA UME LAURIVAL RODRIGUES;2853,6
APM DA UME PROFESSOR ORLANDO ADEGAS;APM DA UME PROFESSOR ORLANDO ADEGAS;2262,0
APM DA UME PROFESSORA MARGARETH BUCHMANN;APM DA UME PROFESSORA MARGARETH BUCHMANN;3862,8
APM DA UME DEROSSE JOSÉ DE OLIVEIRA;APM DA UME DEROSSE JOSE DE OLIVEIRA;2888,4
APM DA UME LUIZ ALCA DE SANT'ANNA;APM DA UME LUIZ ALCA DE SANT'ANNA;3549,6
APM DA UME HILDA RABAÇA;APM DA UME HILDA RABACA;1983,6
COT - CENTRO ORGANIZATIVO DOS TRABALHADORES;COT - CENTRO ORGANIZATIVO DOS TRABALHADORES;165150,0
APM DA UME GENERAL CLÓVIS BANDEIRA BRASIL;APM DA UME GENERAL CLOVIS BANDEIRA BRASIL;4071,6
APM DA UME PADRE FRANCISCO LEITE;APM DA UME PADRE FRANCISCO LEITE;4419,6
APM DA UME DOUTOR LUIZ LOPES;APM DA UME DOUTOR LUIZ LOPES;1740,0
AEECS - ASSOCIAÇÃO ESPORTIVA, EDUCACIONAL, CULTURAL E SOCIAL FORMANDO CIDADÃO;AEECS - ASSOCIACAO ESPORTIVA, EDUCACIONAL, CULTURAL E SOCIAL FORMANDO CIDADAO;8255,56
CENTRO COMUNITARIO MARECHAL HUMBERTO DE ALENCAR CASTELO BRANCO;CENTRO COMUNITARIO MARECHAL HUMBERTO DE ALENCAR CASTELO BRANCO;31200,0
CENTRO COMUNITARIO MARECHAL HUMBERTO DE ALENCAR CASTELO BRANCO;CENTRO COMUNITARIO MARECHAL HUMBERTO DE ALENCAR CASTELO BRANCO;35000,0
APM DA UME FLÁVIO CIPRIANO BARBOSA;APM DA UME FLAVIO CIPRIANO BARBOSA;1774,8
FAPUNIFESP - FUNDAÃ‡ÃƒO DE APOIO Ã€ UNIVERSIDADE FEDERAL DE SÃƒO PAULO;FAPUNIFESP - FUNDAAAO DE APOIO A UNIVERSIDADE FEDERAL DE SAO PAULO;110903,85
ADESAF - INSTITUTO ARTICULAÃ‡ÃƒO DE TECNOLOGIAS SOCIAIS E AÃ‡Ã•ES FORMATIVAS;ADESAF - INSTITUTO ARTICULAAAO DE TECNOLOGIAS SOCIAIS E AAAES FORMATIVAS;25000,0
SOCIEDADE VISCONDE DE SÃO LEOPOLDO - UNIVERSIDADE CATÓLICA DE SANTOS - RESTAURANTE ESCOLA;SOCIEDADE VISCONDE DE SAO LEOPOLDO - UNIVERSIDADE CATOLICA DE SANTOS - RESTAURANTE ESCOLA;162263,12
APM DA UME ELSA VIRTUOSO;APM DA UME ELSA VIRTUOSO;2227,2
APM DA UME YARA NASCIMENTO SANTINI;APM DA UME YARA NASCIMENTO SANTINI;3480,0
APM DA UME MARIA PATRICIA;APM DA UME MARIA PATRICIA;3932,4
APM DA UME PROFESSOR JOSÉ DE SÁ PORTO;APM DA UME PROFESSOR JOSE DE SA PORTO;3340,8
APM DA UME TEREZINHA MARIA CALÇADA BASTOS;APM DA UME TEREZINHA MARIA CALCADA BASTOS;3932,4
ASSOCIAÇÃO EMEENE DE SANTOS - CRECHE MUNDO NOVO;ASSOCIACAO EMEENE DE SANTOS - CRECHE MUNDO NOVO;407404,57
BOMBEIROS - PRIMEIRO SUBGRUPAMENTO DO 6Âº GB;BOMBEIROS - PRIMEIRO SUBGRUPAMENTO DO 6AO GB;5349,0
CENTRO CULTURAL ESPORTIVO SOCIAL E LAZER ESCOLA DE SAMBA DRAGOES DO CASTELO (METROPOLITANA);CENTRO CULTURAL ESPORTIVO SOCIAL E LAZER ESCOLA DE SAMBA DRAGOES DO CASTELO (METROPOLITANA);0,0
ASSOCIAÇÃO EMEENE DE SANTOS - CRECHE MUNDO NOVO;ASSOCIACAO EMEENE DE SANTOS - CRECHE MUNDO NOVO;0,0
ASSOCIAÇÃO EMEENE DE SANTOS - CRECHE MUNDO NOVO;ASSOCIACAO EMEENE DE SANTOS - CRECHE MUNDO NOVO;142972,87
ASSOCIAÇÃO EMEENE DE SANTOS - CRECHE MUNDO NOVO;ASSOCIACAO EMEENE DE SANTOS - CRECHE MUNDO NOVO;142973,87
ASSOCIAÇÃO EMEENE DE SANTOS - CRECHE MUNDO NOVO;ASSOCIACAO EMEENE DE SANTOS - CRECHE MUNDO NOVO;146368,63
APM DA UME PROFESSORA MARIA LÚCIA PRANDI;APM DA UME PROFESSORA MARIA LUCIA PRANDI;1096,0
APM DA UME LEONOR MENDES DE BARROS;APM DA UME LEONOR MENDES DE BARROS;1824,0
APM DA UME PREFEITO ESMERALDO TARQUÍNIO;APM DA UME PREFEITO ESMERALDO TARQUINIO;5880,0
APM DA UME DR. DINO BUENO;APM DA UME DR. DINO BUENO;3928,0
APM DA UME DR. FERNANDO COSTA;APM DA UME DR. FERNANDO COSTA;4176,0
APM DA UME IRMÃO JOSE GENESIO;APM DA UME IRMAO JOSE GENESIO;2224,0
APM DA UME REGINA ALTMAN;APM DA UME REGINA ALTMAN;1128,0
ASSOCIAÇÃO AMIGOS METROVIÁRIOS DOS EXCEPCIONAIS - AME;ASSOCIACAO AMIGOS METROVIARIOS DOS EXCEPCIONAIS - AME;1141326,0
APM DA UME PROFESSORA MARIA HELENA ROXO;APM DA UME PROFESSORA MARIA HELENA ROXO;1184,0
APM DA UME PROFESSOR JOÃO PAPA SOBRINHO;APM DA UME PROFESSOR JOAO PAPA SOBRINHO;2784,0
APM DA UME CLAUDIA HELENA DOS SANTOS OLIVEIRA CORREA;APM DA UME CLAUDIA HELENA DOS SANTOS OLIVEIRA CORREA;784,0
APM DA UME PADRE WALDEMAR VALLE MARTINS;APM DA UME PADRE WALDEMAR VALLE MARTINS;1776,0
APM DA UME SANDRA CRISTINA TEIXEIRA DA GAMA;APM DA UME SANDRA CRISTINA TEIXEIRA DA GAMA;1520,0
APM DA UME BARÃO DO RIO BRANCO ;APM DA UME BARAO DO RIO BRANCO;4336,0
APM DA UME FLÁVIO CIPRIANO BARBOSA;APM DA UME FLAVIO CIPRIANO BARBOSA;832,0
APM DA UME HILDA D ONÓFRIO PAPA;APM DA UME HILDA D ONOFRIO PAPA;752,0
APM DA UME VEREADOR JOÃO IGNÁCIO DE SOUZA;APM DA UME VEREADOR JOAO IGNACIO DE SOUZA;1808,0
APM DA UME PADRE FRANCISCO LEITE;APM DA UME PADRE FRANCISCO LEITE;2048,0
APM DA UME PROFESSORA MARIA CARMELITA PROOST VILLAÇA;APM DA UME PROFESSORA MARIA CARMELITA PROOST VILLACA;592,0
APM DA UME LUIZ ALCA DE SANT'ANNA;APM DA UME LUIZ ALCA DE SANT'ANNA;1584,0
APM DA UME CANDINHA RIBEIRO DE MENDONÇA;APM DA UME CANDINHA RIBEIRO DE MENDONCA;768,0
APM DA UME DEROSSE JOSÉ DE OLIVEIRA;APM DA UME DEROSSE JOSE DE OLIVEIRA;1504,0
APM DA UME LAURIVAL RODRIGUES;APM DA UME LAURIVAL RODRIGUES;1344,0
APM DA UME DR ALCIDES LOBO VIANA;APM DA UME DR ALCIDES LOBO VIANA;2016,0
APM DA UME DOS ANDRADAS II;APM DA UME DOS ANDRADAS II;2656,0
APM DA UME DOS ANDRADAS I;APM DA UME DOS ANDRADAS I;3240,0
APM DA UME ANÍZIO BENTO;APM DA UME ANIZIO BENTO;1128,0
APM DA UME PROFESSOR ANTÔNIO DE OLIVEIRA PASSOS SOBRINHO;APM DA UME PROFESSOR ANTONIO DE OLIVEIRA PASSOS SOBRINHO;2088,0
APM DA UME PROFESSOR ANTONIO DEMÃ“STENES DE SOUZA BRITTO;APM DA UME PROFESSOR ANTONIO DEMASTENES DE SOUZA BRITTO;3464,0
APM DA UME AUXILIADORA DA INSTRUÇÃO;APM DA UME AUXILIADORA DA INSTRUCAO;2960,0
APM DA UME AYRTON SENNA DA SILVA;APM DA UME AYRTON SENNA DA SILVA;4208,0
APM DA UME CELY DE MOURA NEGRINI;APM DA UME CELY DE MOURA NEGRINI;4184,0
APM DA UME COLÉGIO SANTISTA;APM DA UME COLEGIO SANTISTA;5400,0
APM DA UME PROFESSORA EMÍLIA MARIA REIS;APM DA UME PROFESSORA EMILIA MARIA REIS;4280,0
APM DA UME EUNICE CALDAS;APM DA UME EUNICE CALDAS;1768,0
APM DA UME EDMÉA LADEVIG;APM DA UME EDMEA LADEVIG;3664,0
APM DA UME GOTA DE LEITE;APM DA UME GOTA DE LEITE;2312,0
APM DA UME PROFESSORA IVETA MESQUITA NOGUEIRA;APM DA UME PROFESSORA IVETA MESQUITA NOGUEIRA;1224,0
APM DA UME DR. JOSÉ CARLOS DE AZEVEDO JÚNIOR;APM DA UME DR. JOSE CARLOS DE AZEVEDO JUNIOR;6784,0
APM DA UME DR JOSÉ DA COSTA E SILVA SOBRINHO;APM DA UME DR JOSE DA COSTA E SILVA SOBRINHO;3480,0
APM DA UME JUDOCA RICARDO SAMPAIO CARDOSO;APM DA UME JUDOCA RICARDO SAMPAIO CARDOSO;3200,0
APM DA UME PADRE LEONARDO NUNES;APM DA UME PADRE LEONARDO NUNES;8776,0
APM DA UME LOURDES ORTIZ;APM DA UME LOURDES ORTIZ;4880,0
APM DA UME PADRE LÚCIO FLORO;APM DA UME PADRE LUCIO FLORO;1632,0
APM DA UME LYDIA FEDERICI;APM DA UME LYDIA FEDERICI;1176,0
APM DA UME MARIA PATRICIA;APM DA UME MARIA PATRICIA;1104,0
APM DA UME PROFESSORA MARIA LUIZA ALONSO SILVAÂ ;APM DA UME PROFESSORA MARIA LUIZA ALONSO SILVAA;3760,0
APM DA UME PROFESSOR MÃRIO DE ALMEIDA ALCÃ‚NTARA;APM DA UME PROFESSOR MARIO DE ALMEIDA ALCANTARA;6264,0
APM DA UME RURAL MONTE CABRÃO;APM DA UME RURAL MONTE CABRAO;1816,0
APM DA UME DR. NELSON DE TOLEDO PIZA;APM DA UME DR. NELSON DE TOLEDO PIZA;1560,0
APM DA UME OLAVO BILAC;APM DA UME OLAVO BILAC;4408,0
APM DA UME OLIVIA FERNANDES;APM DA UME OLIVIA FERNANDES;1992,0
APM DA UME OSWALDO JUSTO;APM DA UME OSWALDO JUSTO;5696,0
APM DA UME PREFEITO PAULO GOMES BARBOSA;APM DA UME PREFEITO PAULO GOMES BARBOSA;4312,0
APM DA UME PROFESSOR PEDRO CRESCENTI;APM DA UME PROFESSOR PEDRO CRESCENTI;6408,0
APM DA UME PEDRO II;APM DA UME PEDRO II;6192,0
APM DA UME DR. PORCHAT DE ASSIS;APM DA UME DR. PORCHAT DE ASSIS;1328,0
APM DA UME DEPUTADO RUBENS LARA;APM DA UME DEPUTADO RUBENS LARA;5144,0
APM DA UME SAMUEL AUGUSTO LEÃO DE MOURA;APM DA UME SAMUEL AUGUSTO LEAO DE MOURA;2512,0
APM DA UME PROFESSORA THEREZINHA DE JESUS SIQUEIRA PIMENTEL;APM DA UME PROFESSORA THEREZINHA DE JESUS SIQUEIRA PIMENTEL;5480,0
APM DA UME PROFESSOR WALDERY DE ALMEIDA;APM DA UME PROFESSOR WALDERY DE ALMEIDA;3312,0
APM DA UME LUIZ CARLOS PRESTES;APM DA UME LUIZ CARLOS PRESTES;1728,0
APM DA UME PROFESSORA MAGALI ALONSO;APM DA UME PROFESSORA MAGALI ALONSO;1840,0
APM DA UME PROFESSORA MARGARETH BUCHMANN;APM DA UME PROFESSORA MARGARETH BUCHMANN;1984,0
APM DA UME JOÃO WALTER SAMPAIO SMOLKA;APM DA UME JOAO WALTER SAMPAIO SMOLKA;2080,0
APM DA UME PROFESSOR JOSÉ DE SÁ PORTO;APM DA UME PROFESSOR JOSE DE SA PORTO;1888,0
APM DA UME NOEL GOMES FERREIRA;APM DA UME NOEL GOMES FERREIRA;1280,0
APM DA UME GENERAL CLÓVIS BANDEIRA BRASIL;APM DA UME GENERAL CLOVIS BANDEIRA BRASIL;1264,0
APM DA UME DOUTOR CYRO DE ATHAYDE CARNEIRO;APM DA UME DOUTOR CYRO DE ATHAYDE CARNEIRO;1888,0
APM DA UME YARA NASCIMENTO SANTINI;APM DA UME YARA NASCIMENTO SANTINI;1728,0
APM DA UME JOSÉ DA COSTA BARBOSA ;APM DA UME JOSE DA COSTA BARBOSA;1136,0
APM DA UME GEMMA REBELLO;APM DA UME GEMMA REBELLO;1968,0
APM DA UME PROFESSOR AVELINO DA PAZ VIEIRA;APM DA UME PROFESSOR AVELINO DA PAZ VIEIRA;2728,0
APM DA UME ELSA VIRTUOSO;APM DA UME ELSA VIRTUOSO;1328,0
APM DA UME PROFESSORA MARIA LUIZA SIMÕES RIBEIRO;APM DA UME PROFESSORA MARIA LUIZA SIMOES RIBEIRO;1400,0
APM DA UME HILDA RABAÇA;APM DA UME HILDA RABACA;1024,0
APM DA UME DOUTOR LUIZ LOPES;APM DA UME DOUTOR LUIZ LOPES;848,0
APM DA UME PROFESSORA MARIA DE LOURDES BORGES  BERNAL;APM DA UME PROFESSORA MARIA DE LOURDES BORGES  BERNAL;3736,0
APM DA UME JOSÉ BONIFÁCIO;APM DA UME JOSE BONIFACIO;3432,0
SOCIEDADE VISCONDE DE SÃO LEOPOLDO - UNIVERSIDADE CATÓLICA DE SANTOS - RESTAURANTE ESCOLA;SOCIEDADE VISCONDE DE SAO LEOPOLDO - UNIVERSIDADE CATOLICA DE SANTOS - RESTAURANTE ESCOLA;107217,04
APM DA UME PROFESSORA MARIA HELENA ROXO;APM DA UME PROFESSORA MARIA HELENA ROXO;592,0
APM DA UME PROFESSORA MARIA CARMELITA PROOST VILLAÇA;APM DA UME PROFESSORA MARIA CARMELITA PROOST VILLACA;296,0
APM DA UME PREFEITO ESMERALDO TARQUÍNIO;APM DA UME PREFEITO ESMERALDO TARQUINIO;17640,0
APM DA UME CLAUDIA HELENA DOS SANTOS OLIVEIRA CORREA;APM DA UME CLAUDIA HELENA DOS SANTOS OLIVEIRA CORREA;392,0
APM DA UME SANDRA CRISTINA TEIXEIRA DA GAMA;APM DA UME SANDRA CRISTINA TEIXEIRA DA GAMA;760,0
APM DA UME EUNICE CALDAS;APM DA UME EUNICE CALDAS;5304,0
APM DA UME PROFESSORA MARGARETH BUCHMANN;APM DA UME PROFESSORA MARGARETH BUCHMANN;992,0
APM DA UME HILDA RABAÇA;APM DA UME HILDA RABACA;512,0
APM DA UME LAURIVAL RODRIGUES;APM DA UME LAURIVAL RODRIGUES;672,0
APM DA UME VINTE E OITO DE FEVEREIRO;APM DA UME VINTE E OITO DE FEVEREIRO;7472,0
APM DA UME PROFESSORA MARIA HELENA ROXO;APM DA UME PROFESSORA MARIA HELENA ROXO;1776,0
APM DA UME PADRE WALDEMAR VALLE MARTINS;APM DA UME PADRE WALDEMAR VALLE MARTINS;5328,0
APM DA UME PROFESSOR JOÃO PAPA SOBRINHO;APM DA UME PROFESSOR JOAO PAPA SOBRINHO;8352,0
APM DA UME DOUTOR LUIZ LOPES;APM DA UME DOUTOR LUIZ LOPES;424,0
APM DA UME LUIZ ALCA DE SANT'ANNA;APM DA UME LUIZ ALCA DE SANT'ANNA;792,0
APM DA UME CANDINHA RIBEIRO DE MENDONÇA;APM DA UME CANDINHA RIBEIRO DE MENDONCA;384,0
APM DA UME PROFESSORA MARIA LÚCIA PRANDI;APM DA UME PROFESSORA MARIA LUCIA PRANDI;3288,0
APM DA UME DR. DINO BUENO;APM DA UME DR. DINO BUENO;11784,0
APM DA UME PADRE FRANCISCO LEITE;APM DA UME PADRE FRANCISCO LEITE;1024,0
APM DA UME DEROSSE JOSÉ DE OLIVEIRA;APM DA UME DEROSSE JOSE DE OLIVEIRA;752,0
APM DA UME PROFESSORA MARIA LUIZA ALONSO SILVAÂ ;APM DA UME PROFESSORA MARIA LUIZA ALONSO SILVAA;11280,0
APM DA UME PROFESSOR WALDERY DE ALMEIDA;APM DA UME PROFESSOR WALDERY DE ALMEIDA;9936,0
APM DA UME JOÃO WALTER SAMPAIO SMOLKA;APM DA UME JOAO WALTER SAMPAIO SMOLKA;1040,0
APM DA UME FLÁVIO CIPRIANO BARBOSA;APM DA UME FLAVIO CIPRIANO BARBOSA;416,0
APM DA UME LEONOR MENDES DE BARROS;APM DA UME LEONOR MENDES DE BARROS;5472,0
APM DA UME ELSA VIRTUOSO;APM DA UME ELSA VIRTUOSO;664,0
APM DA UME PROFESSOR JOSÉ DE SÁ PORTO;APM DA UME PROFESSOR JOSE DE SA PORTO;944,0
APM DA UME GEMMA REBELLO;APM DA UME GEMMA REBELLO;984,0
APM DA UME VEREADOR JOÃO IGNÁCIO DE SOUZA;APM DA UME VEREADOR JOAO IGNACIO DE SOUZA;904,0
APM DA UME PROFESSOR FLORESTAN FERNANDES;APM DA UME PROFESSOR FLORESTAN FERNANDES;4608,0
APM DA UME YARA NASCIMENTO SANTINI;APM DA UME YARA NASCIMENTO SANTINI;864,0
APM DA UME DR. FERNANDO COSTA;APM DA UME DR. FERNANDO COSTA;12528,0
APM DA UME PROFESSOR ANTONIO DEMÃ“STENES DE SOUZA BRITTO;APM DA UME PROFESSOR ANTONIO DEMASTENES DE SOUZA BRITTO;13313,6
APM DA UME HILDA D ONÓFRIO PAPA;APM DA UME HILDA D ONOFRIO PAPA;376,0
ASSOCIAÇÃO EMEENE DE SANTOS - CRECHE MUNDO NOVO;ASSOCIACAO EMEENE DE SANTOS - CRECHE MUNDO NOVO;150256,2
ASSOCIAÇÃO EMEENE DE SANTOS - CRECHE MUNDO NOVO;ASSOCIACAO EMEENE DE SANTOS - CRECHE MUNDO NOVO;165281,82
APM DA UME AYRTON SENNA DA SILVA;APM DA UME AYRTON SENNA DA SILVA;15829,34
COT - CENTRO ORGANIZATIVO DOS TRABALHADORES;COT - CENTRO ORGANIZATIVO DOS TRABALHADORES;70000,0
APM DA UME AUXILIADORA DA INSTRUÇÃO;APM DA UME AUXILIADORA DA INSTRUCAO;10882,68
APM DA UME PROFESSORA EMÍLIA MARIA REIS;APM DA UME PROFESSORA EMILIA MARIA REIS;16451,2
APM DA UME PADRE LÚCIO FLORO;APM DA UME PADRE LUCIO FLORO;5483,74
ASSOCIAÇÃO AMIGOS METROVIÁRIOS DOS EXCEPCIONAIS - AME;ASSOCIACAO AMIGOS METROVIARIOS DOS EXCEPCIONAIS - AME;1711989,0
APM DA UME NOEL GOMES FERREIRA;APM DA UME NOEL GOMES FERREIRA;4098,68
APM DA UME DR. PORCHAT DE ASSIS;APM DA UME DR. PORCHAT DE ASSIS;5427,2
APM DA UME DOS ANDRADAS II;APM DA UME DOS ANDRADAS II;9158,4
APM DA UME JOÃO WALTER SAMPAIO SMOLKA;APM DA UME JOAO WALTER SAMPAIO SMOLKA;2968,0
APM DA UME PADRE FRANCISCO LEITE;APM DA UME PADRE FRANCISCO LEITE;3194,14
APM DA UME DR ALCIDES LOBO VIANA;APM DA UME DR ALCIDES LOBO VIANA;7264,54
APM DA UME GEMMA REBELLO;APM DA UME GEMMA REBELLO;2261,34
APM DA UME DOS ANDRADAS I;APM DA UME DOS ANDRADAS I;7264,530000000001
APM DA UME DR. NELSON DE TOLEDO PIZA;APM DA UME DR. NELSON DE TOLEDO PIZA;5681,6
APM DA UME PROFESSORA THEREZINHA DE JESUS SIQUEIRA PIMENTEL;APM DA UME PROFESSORA THEREZINHA DE JESUS SIQUEIRA PIMENTEL;17355,72
APM DA UME COLÉGIO SANTISTA;APM DA UME COLEGIO SANTISTA;17921,059999999998
APM DA UME OSWALDO JUSTO;APM DA UME OSWALDO JUSTO;19871,46
APM DA UME PROFESSOR PEDRO CRESCENTI;APM DA UME PROFESSOR PEDRO CRESCENTI;23941,86
APM DA UME LUIZ ALCA DE SANT'ANNA;APM DA UME LUIZ ALCA DE SANT'ANNA;2826,66
APM DA UME PROFESSOR JOSÉ DE SÁ PORTO;APM DA UME PROFESSOR JOSE DE SA PORTO;1639,46
APM DA UME PROFESSOR WALDERY DE ALMEIDA;APM DA UME PROFESSOR WALDERY DE ALMEIDA;13398,4
APM DA UME DR JOSÉ DA COSTA E SILVA SOBRINHO;APM DA UME DR JOSE DA COSTA E SILVA SOBRINHO;12522,14
APM DA UME PEDRO II;APM DA UME PEDRO II;21313,06
APM DA UME CLAUDIA HELENA DOS SANTOS OLIVEIRA CORREA;APM DA UME CLAUDIA HELENA DOS SANTOS OLIVEIRA CORREA;989,34
APM DA UME DR. JOSÉ CARLOS DE AZEVEDO JÚNIOR;APM DA UME DR. JOSE CARLOS DE AZEVEDO JUNIOR;24224,52
APM DA UME EDMÉA LADEVIG;APM DA UME EDMEA LADEVIG;12691,74
APM DA UME RURAL MONTE CABRÃO;APM DA UME RURAL MONTE CABRAO;5879,48
APM DA UME HILDA D ONÓFRIO PAPA;APM DA UME HILDA D ONOFRIO PAPA;1243,73
APM DA UME PROFESSORA IVETA MESQUITA NOGUEIRA;APM DA UME PROFESSORA IVETA MESQUITA NOGUEIRA;4409,6
APM DA UME LAURIVAL RODRIGUES;APM DA UME LAURIVAL RODRIGUES;2233,06
APM DA UME JUDOCA RICARDO SAMPAIO CARDOSO;APM DA UME JUDOCA RICARDO SAMPAIO CARDOSO;10882,68
APM DA UME DR. DINO BUENO;APM DA UME DR. DINO BUENO;12663,48
APM DA UME LEONOR MENDES DE BARROS;APM DA UME LEONOR MENDES DE BARROS;6529,6
APM DA UME DR. FERNANDO COSTA;APM DA UME DR. FERNANDO COSTA;14387,72
APM DA UME REGINA ALTMAN;APM DA UME REGINA ALTMAN;2459,2
APM DA UME ELSA VIRTUOSO;APM DA UME ELSA VIRTUOSO;1865,6
APM DA UME PROFESSORA MARIA HELENA ROXO;APM DA UME PROFESSORA MARIA HELENA ROXO;1045,86
APM DA UME PROFESSOR JOÃO PAPA SOBRINHO;APM DA UME PROFESSOR JOAO PAPA SOBRINHO;9978,14
APM DA UME ANÍZIO BENTO;APM DA UME ANIZIO BENTO;2600,54
APM DA UME IRMÃO JOSE GENESIO;APM DA UME IRMAO JOSE GENESIO;8706,119999999999
APM DA UME EUNICE CALDAS;APM DA UME EUNICE CALDAS;5088,0
COT - CENTRO ORGANIZATIVO DOS TRABALHADORES;COT - CENTRO ORGANIZATIVO DOS TRABALHADORES;30000,0
APM DA UME SANDRA CRISTINA TEIXEIRA DA GAMA;APM DA UME SANDRA CRISTINA TEIXEIRA DA GAMA;2289,6
APM DA UME PROFESSORA MARIA LÚCIA PRANDI;APM DA UME PROFESSORA MARIA LUCIA PRANDI;3476,8
APM DA UME VEREADOR JOÃO IGNÁCIO DE SOUZA;APM DA UME VEREADOR JOAO IGNACIO DE SOUZA;3052,8
APM DA UME DEROSSE JOSÉ DE OLIVEIRA;APM DA UME DEROSSE JOSE DE OLIVEIRA;2770,12
APM DA UME CANDINHA RIBEIRO DE MENDONÇA;APM DA UME CANDINHA RIBEIRO DE MENDONCA;989,34
APM DA UME PREFEITO ESMERALDO TARQUÍNIO;APM DA UME PREFEITO ESMERALDO TARQUINIO;19956,26
APM DA UME PROFESSORA MARIA LUIZA ALONSO SILVAÂ ;APM DA UME PROFESSORA MARIA LUIZA ALONSO SILVAA;13228,8
APM DA UME GENERAL CLÓVIS BANDEIRA BRASIL;APM DA UME GENERAL CLOVIS BANDEIRA BRASIL;3335,48
APM DA UME PROFESSORA MARGARETH BUCHMANN;APM DA UME PROFESSORA MARGARETH BUCHMANN;2515,74
APM DA UME PADRE LEONARDO NUNES;APM DA UME PADRE LEONARDO NUNES;29566,94
APM DA UME MARIA PATRICIA;APM DA UME MARIA PATRICIA;3618,14
APM DA UME HILDA RABAÇA;APM DA UME HILDA RABACA;1074,14
APM DA UME LYDIA FEDERICI;APM DA UME LYDIA FEDERICI;3165,86
APM DA UME CELY DE MOURA NEGRINI;APM DA UME CELY DE MOURA NEGRINI;13454,94
APM DA UME DOUTOR LUIZ LOPES;APM DA UME DOUTOR LUIZ LOPES;1158,94
APM DA UME PROFESSORA MAGALI ALONSO;APM DA UME PROFESSORA MAGALI ALONSO;4890,139999999999
APM DA UME PADRE WALDEMAR VALLE MARTINS;APM DA UME PADRE WALDEMAR VALLE MARTINS;6388,26
APM DA UME PROFESSORA MARIA CARMELITA PROOST VILLAÇA;APM DA UME PROFESSORA MARIA CARMELITA PROOST VILLACA;3900,8
APM DA UME PROFESSOR AVELINO DA PAZ VIEIRA;APM DA UME PROFESSOR AVELINO DA PAZ VIEIRA;9949,88
APM DA UME FLÁVIO CIPRIANO BARBOSA;APM DA UME FLAVIO CIPRIANO BARBOSA;1441,6
APM DA UME DOUTOR CYRO DE ATHAYDE CARNEIRO;APM DA UME DOUTOR CYRO DE ATHAYDE CARNEIRO;6416,54
APM DA UME GOTA DE LEITE;APM DA UME GOTA DE LEITE;8564,8
APM DA UME SAMUEL AUGUSTO LEÃO DE MOURA;APM DA UME SAMUEL AUGUSTO LEAO DE MOURA;7999,46
APM DA UME BARÃO DO RIO BRANCO ;APM DA UME BARAO DO RIO BRANCO;15009,6
APM DA UME JOSÉ BONIFÁCIO;APM DA UME JOSE BONIFACIO;11674,12
APM DA UME PROFESSORA MARIA LUIZA SIMÕES RIBEIRO;APM DA UME PROFESSORA MARIA LUIZA SIMOES RIBEIRO;4126,9400000000005
APM DA UME JOSÉ DA COSTA BARBOSA ;APM DA UME JOSE DA COSTA BARBOSA;2484,0
APM DA UME LOURDES ORTIZ;APM DA UME LOURDES ORTIZ;17808,0
APM DA UME PROFESSOR MÃRIO DE ALMEIDA ALCÃ‚NTARA;APM DA UME PROFESSOR MARIO DE ALMEIDA ALCANTARA;22048,0
APM DA UME YARA NASCIMENTO SANTINI;APM DA UME YARA NASCIMENTO SANTINI;2430,94
APM DA UME DEPUTADO RUBENS LARA;APM DA UME DEPUTADO RUBENS LARA;7281,6
APM DA UME LUIZ CARLOS PRESTES;APM DA UME LUIZ CARLOS PRESTES;6331,74
APM DA UME PROFESSOR ANTÔNIO DE OLIVEIRA PASSOS SOBRINHO;APM DA UME PROFESSOR ANTONIO DE OLIVEIRA PASSOS SOBRINHO;6755,72
APM DA UME VINTE E OITO DE FEVEREIRO;APM DA UME VINTE E OITO DE FEVEREIRO;28012,26
APM DA UME PREFEITO PAULO GOMES BARBOSA;APM DA UME PREFEITO PAULO GOMES BARBOSA;15546,66
APM DA UME OLIVIA FERNANDES;APM DA UME OLIVIA FERNANDES;6529,6
APM DA UME OLAVO BILAC;APM DA UME OLAVO BILAC;16112,0
APM DA UME PREFEITO ESMERALDO TARQUÍNIO;APM DA UME PREFEITO ESMERALDO TARQUINIO;10542,94
APM DA UME PREFEITO ESMERALDO TARQUÍNIO;APM DA UME PREFEITO ESMERALDO TARQUINIO;30499,200000000004
APM DA UME PROFESSOR JOÃO PAPA SOBRINHO;APM DA UME PROFESSOR JOAO PAPA SOBRINHO;5648,0
ALSAPEM - ASSOCIAÇÃO DO LITORAL SANTISTA DE AMIGOS E PORTADORES DE ESCLEROSE MÚLTIPLA;ALSAPEM - ASSOCIACAO DO LITORAL SANTISTA DE AMIGOS E PORTADORES DE ESCLEROSE MULTIPLA;60000,0
APM DA UME PROFESSORA MARIA HELENA ROXO;APM DA UME PROFESSORA MARIA HELENA ROXO;1637,86
APM DA UME LEONOR MENDES DE BARROS;APM DA UME LEONOR MENDES DE BARROS;3696,0
APM DA UME LEONOR MENDES DE BARROS;APM DA UME LEONOR MENDES DE BARROS;10225,6
APM DA UME PROFESSOR FLORESTAN FERNANDES;APM DA UME PROFESSOR FLORESTAN FERNANDES;17242,66
APM DA UME GEMMA REBELLO;APM DA UME GEMMA REBELLO;1280,0
APM DA UME HILDA RABAÇA;APM DA UME HILDA RABACA;608,0
APM DA UME DR. DINO BUENO;APM DA UME DR. DINO BUENO;7168,0
APM DA UME CLAUDIA HELENA DOS SANTOS OLIVEIRA CORREA;APM DA UME CLAUDIA HELENA DOS SANTOS OLIVEIRA CORREA;560,0
APM DA UME SANDRA CRISTINA TEIXEIRA DA GAMA;APM DA UME SANDRA CRISTINA TEIXEIRA DA GAMA;1296,0
APM DA UME IRMÃO JOSE GENESIO;APM DA UME IRMAO JOSE GENESIO;4928,0
APM DA UME PROFESSOR WALDERY DE ALMEIDA;APM DA UME PROFESSOR WALDERY DE ALMEIDA;7584,0
APM DA UME PADRE WALDEMAR VALLE MARTINS;APM DA UME PADRE WALDEMAR VALLE MARTINS;3616,0
APM DA UME HILDA D ONÓFRIO PAPA;APM DA UME HILDA D ONOFRIO PAPA;704,0
APM DA UME DR. FERNANDO COSTA;APM DA UME DR. FERNANDO COSTA;8144,0
APM DA UME EUNICE CALDAS;APM DA UME EUNICE CALDAS;2880,0
APM DA UME LUIZ ALCA DE SANT'ANNA;APM DA UME LUIZ ALCA DE SANT'ANNA;1600,0
APM DA UME AUXILIADORA DA INSTRUÇÃO;APM DA UME AUXILIADORA DA INSTRUCAO;6160,0
APM DA UME VEREADOR JOÃO IGNÁCIO DE SOUZA;APM DA UME VEREADOR JOAO IGNACIO DE SOUZA;1728,0
APM DA UME PROFESSORA MARIA LÚCIA PRANDI;APM DA UME PROFESSORA MARIA LUCIA PRANDI;1968,0
APM DA UME PROFESSOR ANTONIO DEMÃ“STENES DE SOUZA BRITTO;APM DA UME PROFESSOR ANTONIO DEMASTENES DE SOUZA BRITTO;7536,0
APM DA UME JOSÉ DA COSTA BARBOSA ;APM DA UME JOSE DA COSTA BARBOSA;2160,0
APM DA UME REGINA ALTMAN;APM DA UME REGINA ALTMAN;1392,0
APM DA UME PROFESSORA IVETA MESQUITA NOGUEIRA;APM DA UME PROFESSORA IVETA MESQUITA NOGUEIRA;2496,0
APM DA UME DOUTOR LUIZ LOPES;APM DA UME DOUTOR LUIZ LOPES;656,0
APM DA UME PEDRO II;APM DA UME PEDRO II;12064,0
APM DA UME PROFESSORA MARIA DE LOURDES BORGES  BERNAL;APM DA UME PROFESSORA MARIA DE LOURDES BORGES  BERNAL;14642,12
APM DA UME PROFESSORA MARIA DE LOURDES BORGES  BERNAL;APM DA UME PROFESSORA MARIA DE LOURDES BORGES  BERNAL;8288,0
APM DA UME DOS ANDRADAS I;APM DA UME DOS ANDRADAS I;7697,6
APM DA UME PROFESSORA MARIA LUIZA ALONSO SILVAÂ ;APM DA UME PROFESSORA MARIA LUIZA ALONSO SILVAA;20716,8
APM DA UME PROFESSORA MARIA LUIZA ALONSO SILVAÂ ;APM DA UME PROFESSORA MARIA LUIZA ALONSO SILVAA;7488,0
APM DA UME PADRE WALDEMAR VALLE MARTINS;APM DA UME PADRE WALDEMAR VALLE MARTINS;10004,26
APM DA UME PROFESSORA MARIA LÚCIA PRANDI;APM DA UME PROFESSORA MARIA LUCIA PRANDI;5444,8
APM DA UME DOS ANDRADAS II;APM DA UME DOS ANDRADAS II;5184,0
APM DA UME PROFESSORA MARGARETH BUCHMANN;APM DA UME PROFESSORA MARGARETH BUCHMANN;1424,0
APM DA UME PROFESSOR JOÃO PAPA SOBRINHO;APM DA UME PROFESSOR JOAO PAPA SOBRINHO;15626,14
APM DA UME PROFESSOR WALDERY DE ALMEIDA;APM DA UME PROFESSOR WALDERY DE ALMEIDA;20982,4
APM DA UME DR. DINO BUENO;APM DA UME DR. DINO BUENO;19831,48
APM DA UME EDMÉA LADEVIG;APM DA UME EDMEA LADEVIG;7184,0
APM DA UME GENERAL CLÓVIS BANDEIRA BRASIL;APM DA UME GENERAL CLOVIS BANDEIRA BRASIL;1888,0
APM DA UME RURAL MONTE CABRÃO;APM DA UME RURAL MONTE CABRAO;3328,0
APM DA UME COLÉGIO SANTISTA;APM DA UME COLEGIO SANTISTA;10144,0
APM DA UME DEROSSE JOSÉ DE OLIVEIRA;APM DA UME DEROSSE JOSE DE OLIVEIRA;1568,0
APM DA UME MARIA PATRICIA;APM DA UME MARIA PATRICIA;2048,0
APM DA UME DR. JOSÉ CARLOS DE AZEVEDO JÚNIOR;APM DA UME DR. JOSE CARLOS DE AZEVEDO JUNIOR;13712,0
APM DA UME JOSÉ BONIFÁCIO;APM DA UME JOSE BONIFACIO;6608,0
APM DA UME EUNICE CALDAS;APM DA UME EUNICE CALDAS;7968,0
APM DA UME OLAVO BILAC;APM DA UME OLAVO BILAC;9120,0
APM DA UME PROFESSORA MARIA CARMELITA PROOST VILLAÇA;APM DA UME PROFESSORA MARIA CARMELITA PROOST VILLACA;2208,0
APM DA UME PROFESSORA MARIA LUIZA SIMÕES RIBEIRO;APM DA UME PROFESSORA MARIA LUIZA SIMOES RIBEIRO;2336,0
APM DA UME SAMUEL AUGUSTO LEÃO DE MOURA;APM DA UME SAMUEL AUGUSTO LEAO DE MOURA;4528,0
APM DA UME LAURIVAL RODRIGUES;APM DA UME LAURIVAL RODRIGUES;1264,0
ONG VIVA BICHO;ONG VIVA BICHO;19894,25
APM DA UME PROFESSORA MAGALI ALONSO;APM DA UME PROFESSORA MAGALI ALONSO;2768,0
APM DA UME DR JOSÉ DA COSTA E SILVA SOBRINHO;APM DA UME DR JOSE DA COSTA E SILVA SOBRINHO;7088,0
APM DA UME OSWALDO JUSTO;APM DA UME OSWALDO JUSTO;11248,0
APM DA UME BARÃO DO RIO BRANCO ;APM DA UME BARAO DO RIO BRANCO;8496,0
APM DA UME PROFESSORA THEREZINHA DE JESUS SIQUEIRA PIMENTEL;APM DA UME PROFESSORA THEREZINHA DE JESUS SIQUEIRA PIMENTEL;9824,0
APM DA UME DR. PORCHAT DE ASSIS;APM DA UME DR. PORCHAT DE ASSIS;3072,0
APM DA UME DOUTOR CYRO DE ATHAYDE CARNEIRO;APM DA UME DOUTOR CYRO DE ATHAYDE CARNEIRO;3632,0
APM DA UME CELY DE MOURA NEGRINI;APM DA UME CELY DE MOURA NEGRINI;7616,0
APM DA UME DEPUTADO RUBENS LARA;APM DA UME DEPUTADO RUBENS LARA;10656,0
APM DA UME PROFESSORA EMÍLIA MARIA REIS;APM DA UME PROFESSORA EMILIA MARIA REIS;9312,0
APM DA UME PADRE FRANCISCO LEITE;APM DA UME PADRE FRANCISCO LEITE;1808,0
APM DA UME FLÁVIO CIPRIANO BARBOSA;APM DA UME FLAVIO CIPRIANO BARBOSA;816,0
APM DA UME GOTA DE LEITE;APM DA UME GOTA DE LEITE;4848,0
APM DA UME AYRTON SENNA DA SILVA;APM DA UME AYRTON SENNA DA SILVA;8960,0
APM DA UME DR ALCIDES LOBO VIANA;APM DA UME DR ALCIDES LOBO VIANA;4112,0
APM DA UME YARA NASCIMENTO SANTINI;APM DA UME YARA NASCIMENTO SANTINI;1376,0
APM DA UME ANÍZIO BENTO;APM DA UME ANIZIO BENTO;1472,0
APM DA UME LYDIA FEDERICI;APM DA UME LYDIA FEDERICI;1792,0
APM DA UME PREFEITO PAULO GOMES BARBOSA;APM DA UME PREFEITO PAULO GOMES BARBOSA;8800,0
APM DA UME JUDOCA RICARDO SAMPAIO CARDOSO;APM DA UME JUDOCA RICARDO SAMPAIO CARDOSO;6160,0
APM DA UME PROFESSOR ANTÔNIO DE OLIVEIRA PASSOS SOBRINHO;APM DA UME PROFESSOR ANTONIO DE OLIVEIRA PASSOS SOBRINHO;3824,0
APM DA UME ELSA VIRTUOSO;APM DA UME ELSA VIRTUOSO;1056,0
APM DA UME JOÃO WALTER SAMPAIO SMOLKA;APM DA UME JOAO WALTER SAMPAIO SMOLKA;1680,0
APM DA UME CANDINHA RIBEIRO DE MENDONÇA;APM DA UME CANDINHA RIBEIRO DE MENDONCA;560,0
CENTRO COMUNITARIO MARECHAL HUMBERTO DE ALENCAR CASTELO BRANCO;CENTRO COMUNITARIO MARECHAL HUMBERTO DE ALENCAR CASTELO BRANCO;11963,04
APM DA UME PADRE LEONARDO NUNES;APM DA UME PADRE LEONARDO NUNES;16736,0
APM DA UME OLIVIA FERNANDES;APM DA UME OLIVIA FERNANDES;3696,0
APM DA UME PROFESSOR AVELINO DA PAZ VIEIRA;APM DA UME PROFESSOR AVELINO DA PAZ VIEIRA;5632,0
APM DA UME DR. NELSON DE TOLEDO PIZA;APM DA UME DR. NELSON DE TOLEDO PIZA;3216,0
APM DA UME NOEL GOMES FERREIRA;APM DA UME NOEL GOMES FERREIRA;2320,0
APM DA UME LOURDES ORTIZ;APM DA UME LOURDES ORTIZ;10080,0
APM DA UME PROFESSOR FLORESTAN FERNANDES;APM DA UME PROFESSOR FLORESTAN FERNANDES;9760,0
APM DA UME VINTE E OITO DE FEVEREIRO;APM DA UME VINTE E OITO DE FEVEREIRO;15856,0
SOCIEDADE VISCONDE DE SÃO LEOPOLDO - UNIVERSIDADE CATÓLICA DE SANTOS - RESTAURANTE ESCOLA;SOCIEDADE VISCONDE DE SAO LEOPOLDO - UNIVERSIDADE CATOLICA DE SANTOS - RESTAURANTE ESCOLA;149317,93
APM DA UME PROFESSOR PEDRO CRESCENTI;APM DA UME PROFESSOR PEDRO CRESCENTI;13552,0
ASSOCIAÇÃO AMIGOS METROVIÁRIOS DOS EXCEPCIONAIS - AME;ASSOCIACAO AMIGOS METROVIARIOS DOS EXCEPCIONAIS - AME;2282652,0
APM DA UME PROFESSOR JOSÉ DE SÁ PORTO;APM DA UME PROFESSOR JOSE DE SA PORTO;928,0
APM DA UME LUIZ CARLOS PRESTES;APM DA UME LUIZ CARLOS PRESTES;3584,0
APM DA UME PROFESSOR MÃRIO DE ALMEIDA ALCÃ‚NTARA;APM DA UME PROFESSOR MARIO DE ALMEIDA ALCANTARA;12480,0
APM DA UME PADRE LÚCIO FLORO;APM DA UME PADRE LUCIO FLORO;3104,0
APM DA UME TEREZINHA MARIA CALÇADA BASTOS;APM DA UME TEREZINHA MARIA CALCADA BASTOS;1987,2
APM DA UME TEREZINHA MARIA CALÇADA BASTOS;APM DA UME TEREZINHA MARIA CALCADA BASTOS;1728,0
CENEP - FUNDAÇÃO CENTRO DE EXCELÊNCIA PORTUÁRIA DE SANTOS;CENEP - FUNDACAO CENTRO DE EXCELENCIA PORTUARIA DE SANTOS;20000,0
APM DA UME PROFESSORA MARGARETH BUCHMANN;APM DA UME PROFESSORA MARGARETH BUCHMANN;0,0
APM DA UME PROFESSORA MARGARETH BUCHMANN;APM DA UME PROFESSORA MARGARETH BUCHMANN;545,6
APM DA UME DR JOSÉ DA COSTA E SILVA SOBRINHO;APM DA UME DR JOSE DA COSTA E SILVA SOBRINHO;9264,0
APM DA UME DR JOSÉ DA COSTA E SILVA SOBRINHO;APM DA UME DR JOSE DA COSTA E SILVA SOBRINHO;1698,0
APM DA UME HILDA D ONÓFRIO PAPA;APM DA UME HILDA D ONOFRIO PAPA;768,0
APM DA UME HILDA D ONÓFRIO PAPA;APM DA UME HILDA D ONOFRIO PAPA;384,0
APM DA UME VINTE E OITO DE FEVEREIRO;APM DA UME VINTE E OITO DE FEVEREIRO;8144,0
ASSOCIAÇÃO DOS EX-ALUNOS DO COLÉGIO STELLA MARIS - CRECHE MADRE ALIX;ASSOCIACAO DOS EX-ALUNOS DO COLEGIO STELLA MARIS - CRECHE MADRE ALIX;63621,16
BOMBEIROS - PRIMEIRO SUBGRUPAMENTO DO 6Âº GB;BOMBEIROS - PRIMEIRO SUBGRUPAMENTO DO 6AO GB;0,0
BOMBEIROS - PRIMEIRO SUBGRUPAMENTO DO 6Âº GB;BOMBEIROS - PRIMEIRO SUBGRUPAMENTO DO 6AO GB;16000,0
ASSOCIAÇÃO DOS EX-ALUNOS DO COLÉGIO STELLA MARIS - CENTRO DE CONVIVÊNCIA SANTA RITA;ASSOCIACAO DOS EX-ALUNOS DO COLEGIO STELLA MARIS - CENTRO DE CONVIVENCIA SANTA RITA;61921,2
APM DA UME DR. FERNANDO COSTA;APM DA UME DR. FERNANDO COSTA;4280,0
ASSOCIAÇÃO AMIGOS METROVIÁRIOS DOS EXCEPCIONAIS - AME;ASSOCIACAO AMIGOS METROVIARIOS DOS EXCEPCIONAIS - AME;346007,63
APM DA UME LEONOR MENDES DE BARROS;APM DA UME LEONOR MENDES DE BARROS;1976,0
APM DA UME PROFESSORA MARIA LÚCIA PRANDI;APM DA UME PROFESSORA MARIA LUCIA PRANDI;1104,0
APM DA UME PREFEITO ESMERALDO TARQUÍNIO;APM DA UME PREFEITO ESMERALDO TARQUINIO;5760,0
AVDS - ASSOCIAÇÃO DE VALORIZAÇÃO DO DESENVOLVIMENTO SOCIAL;AVDS - ASSOCIACAO DE VALORIZACAO DO DESENVOLVIMENTO SOCIAL;124554,4
APM DA UME HILDA D ONÓFRIO PAPA;APM DA UME HILDA D ONOFRIO PAPA;0,0
APM DA UME VINTE E OITO DE FEVEREIRO;APM DA UME VINTE E OITO DE FEVEREIRO;6752,0
APM DA UME EUNICE CALDAS;APM DA UME EUNICE CALDAS;2336,0
ASSOCIAÇÃO AMIGOS METROVIÁRIOS DOS EXCEPCIONAIS - AME;ASSOCIACAO AMIGOS METROVIARIOS DOS EXCEPCIONAIS - AME;1038022,89
APM DA UME PROFESSOR MÃRIO DE ALMEIDA ALCÃ‚NTARA;APM DA UME PROFESSOR MARIO DE ALMEIDA ALCANTARA;6384,0
APM DA UME PROFESSOR MÃRIO DE ALMEIDA ALCÃ‚NTARA;APM DA UME PROFESSOR MARIO DE ALMEIDA ALCANTARA;6304,0
ASSOCIAÇÃO AMIGOS METROVIÁRIOS DOS EXCEPCIONAIS - AME;ASSOCIACAO AMIGOS METROVIARIOS DOS EXCEPCIONAIS - AME;1496257,9
AVDS - ASSOCIAÇÃO DE VALORIZAÇÃO DO DESENVOLVIMENTO SOCIAL;AVDS - ASSOCIACAO DE VALORIZACAO DO DESENVOLVIMENTO SOCIAL;75445,6
APM DA UME LEONOR MENDES DE BARROS;APM DA UME LEONOR MENDES DE BARROS;5928,0
APM DA UME PROFESSORA IVETA MESQUITA NOGUEIRA;APM DA UME PROFESSORA IVETA MESQUITA NOGUEIRA;1288,0
APM DA UME RURAL MONTE CABRÃO;APM DA UME RURAL MONTE CABRAO;1944,0
ONG VIVA BICHO;ONG VIVA BICHO;19998,69
APM DA UME PROFESSOR ANTONIO DEMÃ“STENES DE SOUZA BRITTO;APM DA UME PROFESSOR ANTONIO DEMASTENES DE SOUZA BRITTO;3632,0
APM DA UME CLAUDIA HELENA DOS SANTOS OLIVEIRA CORREA;APM DA UME CLAUDIA HELENA DOS SANTOS OLIVEIRA CORREA;768,0
APM DA UME CLAUDIA HELENA DOS SANTOS OLIVEIRA CORREA;APM DA UME CLAUDIA HELENA DOS SANTOS OLIVEIRA CORREA;384,0
APM DA UME PROFESSORA MARIA HELENA ROXO;APM DA UME PROFESSORA MARIA HELENA ROXO;1328,0
APM DA UME PROFESSORA MARIA LÚCIA PRANDI;APM DA UME PROFESSORA MARIA LUCIA PRANDI;3312,0
APM DA UME PROFESSORA MARIA HELENA ROXO;APM DA UME PROFESSORA MARIA HELENA ROXO;664,0
SOCIEDADE VISCONDE DE SÃO LEOPOLDO - UNIVERSIDADE CATÓLICA DE SANTOS - RESTAURANTE ESCOLA;SOCIEDADE VISCONDE DE SAO LEOPOLDO - UNIVERSIDADE CATOLICA DE SANTOS - RESTAURANTE ESCOLA;107217,03
APM DA UME YARA NASCIMENTO SANTINI;APM DA UME YARA NASCIMENTO SANTINI;1632,0
APM DA UME YARA NASCIMENTO SANTINI;APM DA UME YARA NASCIMENTO SANTINI;816,0
APM DA UME PROFESSOR WALDERY DE ALMEIDA;APM DA UME PROFESSOR WALDERY DE ALMEIDA;3424,0
CENTRO COMUNITARIO MARECHAL HUMBERTO DE ALENCAR CASTELO BRANCO;CENTRO COMUNITARIO MARECHAL HUMBERTO DE ALENCAR CASTELO BRANCO;10901,22
APM DA UME PROFESSORA MARIA LUIZA SIMÕES RIBEIRO;APM DA UME PROFESSORA MARIA LUIZA SIMOES RIBEIRO;1296,0
APM DA UME PADRE FRANCISCO LEITE;APM DA UME PADRE FRANCISCO LEITE;2080,0
APM DA UME PADRE FRANCISCO LEITE;APM DA UME PADRE FRANCISCO LEITE;1040,0
APM DA UME PREFEITO ESMERALDO TARQUÍNIO;APM DA UME PREFEITO ESMERALDO TARQUINIO;17280,0
APM DA UME DOS ANDRADAS II;APM DA UME DOS ANDRADAS II;2744,0
APM DA UME ANÍZIO BENTO;APM DA UME ANIZIO BENTO;1080,0
APM DA UME DR JOSÉ DA COSTA E SILVA SOBRINHO;APM DA UME DR JOSE DA COSTA E SILVA SOBRINHO;3288,0
APM DA UME DR. NELSON DE TOLEDO PIZA;APM DA UME DR. NELSON DE TOLEDO PIZA;1696,0
APM DA UME DOUTOR LUIZ LOPES;APM DA UME DOUTOR LUIZ LOPES;768,0
APM DA UME DOUTOR LUIZ LOPES;APM DA UME DOUTOR LUIZ LOPES;384,0
APM DA UME DOS ANDRADAS I;APM DA UME DOS ANDRADAS I;3336,0
APM DA UME GEMMA REBELLO;APM DA UME GEMMA REBELLO;1272,0
APM DA UME PROFESSORA EMÍLIA MARIA REIS;APM DA UME PROFESSORA EMILIA MARIA REIS;5216,0
APM DA UME DR ALCIDES LOBO VIANA;APM DA UME DR ALCIDES LOBO VIANA;2296,0
APM DA UME MARIA PATRICIA;APM DA UME MARIA PATRICIA;1144,0
APM DA UME GOTA DE LEITE;APM DA UME GOTA DE LEITE;2952,0
APM DA UME OSWALDO JUSTO;APM DA UME OSWALDO JUSTO;5816,0
APM DA UME DR. JOSÉ CARLOS DE AZEVEDO JÚNIOR;APM DA UME DR. JOSE CARLOS DE AZEVEDO JUNIOR;7208,0
APM DA UME VINTE E OITO DE FEVEREIRO;APM DA UME VINTE E OITO DE FEVEREIRO;8912,0
APM DA UME LOURDES ORTIZ;APM DA UME LOURDES ORTIZ;5240,0
APM DA UME COLÉGIO SANTISTA;APM DA UME COLEGIO SANTISTA;5784,0
APM DA UME PROFESSORA THEREZINHA DE JESUS SIQUEIRA PIMENTEL;APM DA UME PROFESSORA THEREZINHA DE JESUS SIQUEIRA PIMENTEL;5424,0
APM DA UME NOEL GOMES FERREIRA;APM DA UME NOEL GOMES FERREIRA;1240,0
APM DA UME CELY DE MOURA NEGRINI;APM DA UME CELY DE MOURA NEGRINI;4320,0
APM DA UME PROFESSORA MARGARETH BUCHMANN;APM DA UME PROFESSORA MARGARETH BUCHMANN;1056,0
APM DA UME SAMUEL AUGUSTO LEÃO DE MOURA;APM DA UME SAMUEL AUGUSTO LEAO DE MOURA;2880,0
APM DA UME DR. PORCHAT DE ASSIS;APM DA UME DR. PORCHAT DE ASSIS;1376,0
APM DA UME OLIVIA FERNANDES;APM DA UME OLIVIA FERNANDES;2072,0
APM DA UME PADRE LÚCIO FLORO;APM DA UME PADRE LUCIO FLORO;1680,0
APM DA UME PEDRO II;APM DA UME PEDRO II;6320,0
APM DA UME JOÃO WALTER SAMPAIO SMOLKA;APM DA UME JOAO WALTER SAMPAIO SMOLKA;2000,0
APM DA UME JOÃO WALTER SAMPAIO SMOLKA;APM DA UME JOAO WALTER SAMPAIO SMOLKA;1000,0
APM DA UME PADRE WALDEMAR VALLE MARTINS;APM DA UME PADRE WALDEMAR VALLE MARTINS;1832,0
APM DA UME DEROSSE JOSÉ DE OLIVEIRA;APM DA UME DEROSSE JOSE DE OLIVEIRA;1600,0
APM DA UME DEROSSE JOSÉ DE OLIVEIRA;APM DA UME DEROSSE JOSE DE OLIVEIRA;800,0
APM DA UME PROFESSOR PEDRO CRESCENTI;APM DA UME PROFESSOR PEDRO CRESCENTI;6496,0
APM DA UME PROFESSOR JOSÉ DE SÁ PORTO;APM DA UME PROFESSOR JOSE DE SA PORTO;1104,0
APM DA UME LYDIA FEDERICI;APM DA UME LYDIA FEDERICI;1192,0
APM DA UME CANDINHA RIBEIRO DE MENDONÇA;APM DA UME CANDINHA RIBEIRO DE MENDONCA;512,0
APM DA UME AYRTON SENNA DA SILVA;APM DA UME AYRTON SENNA DA SILVA;4464,0
APM DA UME DEPUTADO RUBENS LARA;APM DA UME DEPUTADO RUBENS LARA;5312,0
APM DA UME IRMÃO JOSE GENESIO;APM DA UME IRMAO JOSE GENESIO;2320,0
APM DA UME PADRE LEONARDO NUNES;APM DA UME PADRE LEONARDO NUNES;9240,0
APM DA UME DOUTOR CYRO DE ATHAYDE CARNEIRO;APM DA UME DOUTOR CYRO DE ATHAYDE CARNEIRO;2048,0
APM DA UME EDMÉA LADEVIG;APM DA UME EDMEA LADEVIG;3816,0
APM DA UME PROFESSOR AVELINO DA PAZ VIEIRA;APM DA UME PROFESSOR AVELINO DA PAZ VIEIRA;2872,0
APM DA UME ELSA VIRTUOSO;APM DA UME ELSA VIRTUOSO;1472,0
APM DA UME ELSA VIRTUOSO;APM DA UME ELSA VIRTUOSO;736,0
APM DA UME PROFESSORA MARIA LUIZA ALONSO SILVAÂ ;APM DA UME PROFESSORA MARIA LUIZA ALONSO SILVAA;3944,0
APM DA UME JUDOCA RICARDO SAMPAIO CARDOSO;APM DA UME JUDOCA RICARDO SAMPAIO CARDOSO;3344,0
APM DA UME PADRE LEONARDO NUNES;APM DA UME PADRE LEONARDO NUNES;0,0
APM DA UME DEROSSE JOSÉ DE OLIVEIRA;APM DA UME DEROSSE JOSE DE OLIVEIRA;0,0
APM DA UME GENERAL CLÓVIS BANDEIRA BRASIL;APM DA UME GENERAL CLOVIS BANDEIRA BRASIL;2528,0
APM DA UME JOSÉ DA COSTA BARBOSA ;APM DA UME JOSE DA COSTA BARBOSA;1176,0
APM DA UME GENERAL CLÓVIS BANDEIRA BRASIL;APM DA UME GENERAL CLOVIS BANDEIRA BRASIL;1320,0
APM DA UME JOSÉ BONIFÁCIO;APM DA UME JOSE BONIFACIO;3704,0
APM DA UME JOSÉ BONIFÁCIO;APM DA UME JOSE BONIFACIO;6864,0
APM DA UME PADRE WALDEMAR VALLE MARTINS;APM DA UME PADRE WALDEMAR VALLE MARTINS;0,0
APM DA UME PADRE WALDEMAR VALLE MARTINS;APM DA UME PADRE WALDEMAR VALLE MARTINS;3552,0
APM DA UME JOSÉ DA COSTA BARBOSA ;APM DA UME JOSE DA COSTA BARBOSA;3528,0
APM DA UME JOSÉ DA COSTA BARBOSA ;APM DA UME JOSE DA COSTA BARBOSA;2272,0
APM DA UME JOSÉ DA COSTA BARBOSA ;APM DA UME JOSE DA COSTA BARBOSA;3408,0
APM DA UME PROFESSOR FLORESTAN FERNANDES;APM DA UME PROFESSOR FLORESTAN FERNANDES;4840,0
APM DA UME PROFESSOR FLORESTAN FERNANDES;APM DA UME PROFESSOR FLORESTAN FERNANDES;9216,0
ASSOCIAÇÃO EMEENE DE SANTOS - CRECHE MUNDO NOVO;ASSOCIACAO EMEENE DE SANTOS - CRECHE MUNDO NOVO;135150,90000000002
ASSOCIAÇÃO EMEENE DE SANTOS - CRECHE MUNDO NOVO;ASSOCIACAO EMEENE DE SANTOS - CRECHE MUNDO NOVO;148665,99
ASSOCIAÇÃO EMEENE DE SANTOS - CRECHE MUNDO NOVO;ASSOCIACAO EMEENE DE SANTOS - CRECHE MUNDO NOVO;20000,0
AEECS - ASSOCIAÇÃO ESPORTIVA, EDUCACIONAL, CULTURAL E SOCIAL FORMANDO CIDADÃO;AEECS - ASSOCIACAO ESPORTIVA, EDUCACIONAL, CULTURAL E SOCIAL FORMANDO CIDADAO;45084,44
FAPUNIFESP - FUNDAÃ‡ÃƒO DE APOIO Ã€ UNIVERSIDADE FEDERAL DE SÃƒO PAULO;FAPUNIFESP - FUNDAAAO DE APOIO A UNIVERSIDADE FEDERAL DE SAO PAULO;0,0
ASSOCIAÇÃO EMEENE DE SANTOS - CRECHE MUNDO NOVO;ASSOCIACAO EMEENE DE SANTOS - CRECHE MUNDO NOVO;459245,1
ASSOCIAÇÃO EMEENE DE SANTOS - CRECHE MUNDO NOVO;ASSOCIACAO EMEENE DE SANTOS - CRECHE MUNDO NOVO;410812,74
ACAUSA - INSTITUTO LUIZ ALCA;ACAUSA - INSTITUTO LUIZ ALCA;414000,0
ASSOCIAÇÃO EMEENE DE SANTOS - CRECHE MUNDO NOVO;ASSOCIACAO EMEENE DE SANTOS - CRECHE MUNDO NOVO;450999,19
CENTRO COMUNITARIO MARECHAL HUMBERTO DE ALENCAR CASTELO BRANCO;CENTRO COMUNITARIO MARECHAL HUMBERTO DE ALENCAR CASTELO BRANCO;16342,56
COT - CENTRO ORGANIZATIVO DOS TRABALHADORES;COT - CENTRO ORGANIZATIVO DOS TRABALHADORES;176834,51
LIVRESCOOP - COOPERATIVA AGROECOLÓGICA DE TRABALHADORES DA AGRICULTURA FAMILIAR;LIVRESCOOP - COOPERATIVA AGROECOLOGICA DE TRABALHADORES DA AGRICULTURA FAMILIAR;219545,0
ALSAPEM - ASSOCIAÇÃO DO LITORAL SANTISTA DE AMIGOS E PORTADORES DE ESCLEROSE MÚLTIPLA;ALSAPEM - ASSOCIACAO DO LITORAL SANTISTA DE AMIGOS E PORTADORES DE ESCLEROSE MULTIPLA;108000,0
LIVRESCOOP - COOPERATIVA AGROECOLÓGICA DE TRABALHADORES DA AGRICULTURA FAMILIAR;LIVRESCOOP - COOPERATIVA AGROECOLOGICA DE TRABALHADORES DA AGRICULTURA FAMILIAR;187410,0
AEECS - ASSOCIAÇÃO ESPORTIVA, EDUCACIONAL, CULTURAL E SOCIAL FORMANDO CIDADÃO;AEECS - ASSOCIACAO ESPORTIVA, EDUCACIONAL, CULTURAL E SOCIAL FORMANDO CIDADAO;30000,0
CENTRO COMUNITARIO MARECHAL HUMBERTO DE ALENCAR CASTELO BRANCO;CENTRO COMUNITARIO MARECHAL HUMBERTO DE ALENCAR CASTELO BRANCO;0,0
BOMBEIROS - PRIMEIRO SUBGRUPAMENTO DO 6Âº GB;BOMBEIROS - PRIMEIRO SUBGRUPAMENTO DO 6AO GB;4903,25
APM DA UME PADRE LÚCIO FLORO;APM DA UME PADRE LUCIO FLORO;1552,0
APM DA UME PROFESSOR JOÃO PAPA SOBRINHO;APM DA UME PROFESSOR JOAO PAPA SOBRINHO;2824,0
APM DA UME DR. FERNANDO COSTA;APM DA UME DR. FERNANDO COSTA;4072,0
APM DA UME PREFEITO ESMERALDO TARQUÍNIO;APM DA UME PREFEITO ESMERALDO TARQUINIO;11296,0
APM DA UME DOS ANDRADAS I;APM DA UME DOS ANDRADAS I;5408,0
APM DA UME ANÍZIO BENTO;APM DA UME ANIZIO BENTO;2944,0
APM DA UME LUIZ ALCA DE SANT'ANNA;APM DA UME LUIZ ALCA DE SANT'ANNA;3200,0
APM DA UME MARIA PATRICIA;APM DA UME MARIA PATRICIA;4096,0
APM DA UME REGINA ALTMAN;APM DA UME REGINA ALTMAN;2784,0
APM DA UME DR. FERNANDO COSTA;APM DA UME DR. FERNANDO COSTA;12216,0
APM DA UME HILDA RABAÇA;APM DA UME HILDA RABACA;1216,0
APM DA UME PROFESSORA MARGARETH BUCHMANN;APM DA UME PROFESSORA MARGARETH BUCHMANN;2848,0
APM DA UME GEMMA REBELLO;APM DA UME GEMMA REBELLO;2560,0
APM DA UME DEROSSE JOSÉ DE OLIVEIRA;APM DA UME DEROSSE JOSE DE OLIVEIRA;3136,0
APM DA UME CANDINHA RIBEIRO DE MENDONÇA;APM DA UME CANDINHA RIBEIRO DE MENDONCA;1120,0
APM DA UME YARA NASCIMENTO SANTINI;APM DA UME YARA NASCIMENTO SANTINI;2752,0
APM DA UME LYDIA FEDERICI;APM DA UME LYDIA FEDERICI;3584,0
APM DA UME DOUTOR LUIZ LOPES;APM DA UME DOUTOR LUIZ LOPES;1312,0
APM DA UME PADRE FRANCISCO LEITE;APM DA UME PADRE FRANCISCO LEITE;3616,0
APM DA UME GENERAL CLÓVIS BANDEIRA BRASIL;APM DA UME GENERAL CLOVIS BANDEIRA BRASIL;3776,0
APM DA UME VEREADOR JOÃO IGNÁCIO DE SOUZA;APM DA UME VEREADOR JOAO IGNACIO DE SOUZA;3456,0
CENTRO CULTURAL ESPORTIVO SOCIAL E LAZER ESCOLA DE SAMBA DRAGOES DO CASTELO (METROPOLITANA);CENTRO CULTURAL ESPORTIVO SOCIAL E LAZER ESCOLA DE SAMBA DRAGOES DO CASTELO (METROPOLITANA);85000,0
APM DA UME FLÁVIO CIPRIANO BARBOSA;APM DA UME FLAVIO CIPRIANO BARBOSA;1632,0
APM DA UME PROFESSORA MARIA LÚCIA PRANDI;APM DA UME PROFESSORA MARIA LUCIA PRANDI;3936,0
APM DA UME LAURIVAL RODRIGUES;APM DA UME LAURIVAL RODRIGUES;2528,0
APM DA UME CLAUDIA HELENA DOS SANTOS OLIVEIRA CORREA;APM DA UME CLAUDIA HELENA DOS SANTOS OLIVEIRA CORREA;1120,0
APM DA UME SANDRA CRISTINA TEIXEIRA DA GAMA;APM DA UME SANDRA CRISTINA TEIXEIRA DA GAMA;2592,0
APM DA UME PADRE LÚCIO FLORO;APM DA UME PADRE LUCIO FLORO;4656,0
APM DA UME PROFESSOR JOSÉ DE SÁ PORTO;APM DA UME PROFESSOR JOSE DE SA PORTO;1856,0
APM DA UME ELSA VIRTUOSO;APM DA UME ELSA VIRTUOSO;2112,0
APM DA UME JOÃO WALTER SAMPAIO SMOLKA;APM DA UME JOAO WALTER SAMPAIO SMOLKA;3360,0
APM DA UME TEREZINHA MARIA CALÇADA BASTOS;APM DA UME TEREZINHA MARIA CALCADA BASTOS;3456,0
ASSOCIAÇÃO EMEENE DE SANTOS - CRECHE MUNDO NOVO;ASSOCIACAO EMEENE DE SANTOS - CRECHE MUNDO NOVO;176176,8
APM DA UME PROFESSOR JOÃO PAPA SOBRINHO;APM DA UME PROFESSOR JOAO PAPA SOBRINHO;8472,0
APM DA UME AYRTON SENNA DA SILVA;APM DA UME AYRTON SENNA DA SILVA;0,0
APM DA UME CLAUDIA HELENA DOS SANTOS OLIVEIRA CORREA;APM DA UME CLAUDIA HELENA DOS SANTOS OLIVEIRA CORREA;753,3
APM DA UME SANDRA CRISTINA TEIXEIRA DA GAMA;APM DA UME SANDRA CRISTINA TEIXEIRA DA GAMA;1774,44
ONG VIVA BICHO;ONG VIVA BICHO;19980,0
COT - CENTRO ORGANIZATIVO DOS TRABALHADORES;COT - CENTRO ORGANIZATIVO DOS TRABALHADORES;96858,38
APM DA UME VINTE E OITO DE FEVEREIRO;APM DA UME VINTE E OITO DE FEVEREIRO;32308,2
APM DA UME NOEL GOMES FERREIRA;APM DA UME NOEL GOMES FERREIRA;5792,04
ASSOCIAÇÃO EMEENE DE SANTOS - CRECHE MUNDO NOVO;ASSOCIACAO EMEENE DE SANTOS - CRECHE MUNDO NOVO;193794,48
APM DA UME HILDA RABAÇA;APM DA UME HILDA RABACA;954,18
APM DA UME GENERAL CLÓVIS BANDEIRA BRASIL;APM DA UME GENERAL CLOVIS BANDEIRA BRASIL;1958,58
APM DA UME PROFESSOR JOSÉ DE SÁ PORTO;APM DA UME PROFESSOR JOSE DE SA PORTO;1607,04
APM DA UME CANDINHA RIBEIRO DE MENDONÇA;APM DA UME CANDINHA RIBEIRO DE MENDONCA;786,78
APM DA UME FLÁVIO CIPRIANO BARBOSA;APM DA UME FLAVIO CIPRIANO BARBOSA;853,74
APM DA UME LAURIVAL RODRIGUES;APM DA UME LAURIVAL RODRIGUES;1372,68
COT - CENTRO ORGANIZATIVO DOS TRABALHADORES;COT - CENTRO ORGANIZATIVO DOS TRABALHADORES;48429,18
APM DA UME DOUTOR LUIZ LOPES;APM DA UME DOUTOR LUIZ LOPES;837,0
APM DA UME PROFESSORA MARGARETH BUCHMANN;APM DA UME PROFESSORA MARGARETH BUCHMANN;1858,14
APM DA UME PROFESSOR MÃRIO DE ALMEIDA ALCÃ‚NTARA;APM DA UME PROFESSOR MARIO DE ALMEIDA ALCANTARA;25411,32
APM DA UME PROFESSORA MARIA DE LOURDES BORGES  BERNAL;APM DA UME PROFESSORA MARIA DE LOURDES BORGES  BERNAL;4427,73
APM DA UME ANÍZIO BENTO;APM DA UME ANIZIO BENTO;1874,88
APM DA UME GEMMA REBELLO;APM DA UME GEMMA REBELLO;1489,86
APM DA UME VEREADOR JOÃO IGNÁCIO DE SOUZA;APM DA UME VEREADOR JOAO IGNACIO DE SOUZA;1941,84
APM DA UME PROFESSORA MARIA DE LOURDES BORGES  BERNAL;APM DA UME PROFESSORA MARIA DE LOURDES BORGES  BERNAL;13283,19
AEECS - ASSOCIAÇÃO ESPORTIVA, EDUCACIONAL, CULTURAL E SOCIAL FORMANDO CIDADÃO;AEECS - ASSOCIACAO ESPORTIVA, EDUCACIONAL, CULTURAL E SOCIAL FORMANDO CIDADAO;57627,0
APM DA UME YARA NASCIMENTO SANTINI;APM DA UME YARA NASCIMENTO SANTINI;1674,0
APM DA UME PROFESSOR ORLANDO ADEGAS;APM DA UME PROFESSOR ORLANDO ADEGAS;1088,1
APM DA UME DEROSSE JOSÉ DE OLIVEIRA;APM DA UME DEROSSE JOSE DE OLIVEIRA;1389,42
APM DA UME PADRE FRANCISCO LEITE;APM DA UME PADRE FRANCISCO LEITE;2125,98
APM DA UME LUIZ ALCA DE SANT'ANNA;APM DA UME LUIZ ALCA DE SANT'ANNA;1707,48
APM DA UME JOÃO WALTER SAMPAIO SMOLKA;APM DA UME JOAO WALTER SAMPAIO SMOLKA;1573,56
APM DA UME PROFESSORA MARIA HELENA ROXO;APM DA UME PROFESSORA MARIA HELENA ROXO;418,5
APM DA UME REGINA ALTMAN;APM DA UME REGINA ALTMAN;1456,38
APM DA UME MARIA PATRICIA;APM DA UME MARIA PATRICIA;1891,62
APM DA UME TEREZINHA MARIA CALÇADA BASTOS;APM DA UME TEREZINHA MARIA CALCADA BASTOS;1891,62
APM DA UME ELSA VIRTUOSO;APM DA UME ELSA VIRTUOSO;1071,36
CENTRO COMUNITARIO MARECHAL HUMBERTO DE ALENCAR CASTELO BRANCO;CENTRO COMUNITARIO MARECHAL HUMBERTO DE ALENCAR CASTELO BRANCO;13056,21
COOPERATIVA DE TRABALHO CIPÃ“ EDUCAÃ‡ÃƒO;COOPERATIVA DE TRABALHO CIPA EDUCAAAO;24000,0
INSTITUTO DE DEFESA DOS DIREITOS SOCIAIS E CIDADANIA IGUALDADE - INDESCI (CAMARÃ CALUNGA);INSTITUTO DE DEFESA DOS DIREITOS SOCIAIS E CIDADANIA IGUALDADE - INDESCI (CAMARA CALUNGA);44000,0
ALSAPEM - ASSOCIAÇÃO DO LITORAL SANTISTA DE AMIGOS E PORTADORES DE ESCLEROSE MÚLTIPLA;ALSAPEM - ASSOCIACAO DO LITORAL SANTISTA DE AMIGOS E PORTADORES DE ESCLEROSE MULTIPLA;114440,0
CENTRO CULTURAL ESPORTIVO SOCIAL E LAZER ESCOLA DE SAMBA DRAGOES DO CASTELO (METROPOLITANA);CENTRO CULTURAL ESPORTIVO SOCIAL E LAZER ESCOLA DE SAMBA DRAGOES DO CASTELO (METROPOLITANA);90000,0
