cnpj;ano;nm_diretor;nm_cargo;in_empregado_publico
58.238.866/0001-15;2007;LUIZ HENRIQUE FERNANDES;PRESIDENTE;Não
58.238.866/0001-15;2007;JOSE PEREZ BEZZI;VICE-PRESIDENTE;Não
58.238.866/0001-15;2007;THAIZ HELENA DA COSTA FRANCISCO;1ª DIRETORA SECRETÁRIA;Não
58.238.866/0001-15;2007;MARIA REGINA FERREIRA;2ª DIRETORA SECRETARIA;Não
58.238.866/0001-15;2007;MARCELO AFONSO PRADO;DIRETOR DE PATRIMONIO;Não
58.238.866/0001-15;2007;AVANIR DE OLIVEIRA JUNIOR;2º DIRETOR FINANCEIRO;Não
58.238.866/0001-15;2007;RICARDO FORTES GUIMARÃES;2º DIRETOR FINANCEIRO;Não
60.015.070/0001-45;2012;ROMEU BAPTISTÃO;PRESIDENTE;Não
60.015.070/0001-45;2012;VICENTE BONACHELA;VICE-PRESIDENTE;Não
60.015.070/0001-45;2012;CÉSAR IANNI;1º TESOUREIRO;Não
60.015.070/0001-45;2012;CONSTANTINO GONZALEZ ARES;2º TESOUREIRO;Não
60.015.070/0001-45;2012;ADHEMAR PAES COSME;1º SECRETÁRIO;Não
60.015.070/0001-45;2012;FERNANDO PIERRY BARREIROS;2º SECRETÁRIO;Não
60.015.070/0001-45;2012;PE. JAVIER MATEO ARANA;DIRETOR ESPIRITUAL;Não
58.258.633/0001-84;2012;Flavia Miranda de Carvalho Bajer;Vice-Presidente;Não
58.258.633/0001-84;2012;Joao Bernardo  Simoes;Conselho Fiscal;Não
58.258.633/0001-84;2012;Ana Lucia Evangelista Esteves;Conselho Fiscal;Não
58.258.633/0001-84;2012;Catia Regina Ramos de Cerqueira;1ª Secretária;Não
58.258.633/0001-84;2012;Elza Maria Castex Aly;2ª Secretária;Não
58.258.633/0001-84;2012;Sonia Santos Xavier Diegues;1º Tesoureira;Não
58.258.633/0001-84;2012;Julia Maria da Costa;2ª Tesoureira;Não
58.258.633/0001-84;2012;Rita Helena  Rodrigues Alonso;1º Suplente Conselho Fiscal;Não
58.258.633/0001-84;2012;Pedro Castex Aly de Santana;Conselho Consultivo;Não
58.258.633/0001-84;2012;Vania Silvia Esquivel Denari;Conselho Consultivo;Não
58.258.633/0001-84;2012;Nayda Pires Lima Boulhosa;Conselho Consultivo;Não
58.258.633/0001-84;2012;Nancy Buchalla Martinez;1ª Suplente Conselho Consultivo;Não
58.258.633/0001-84;2012;Luciana Henrique Fernandes;2ª Suplente do Conselho Consultivo;Não
58.258.633/0001-84;2012;Marcello Frias Ramos;3º Suplente Conselho Fiscal;Não
58.258.633/0001-84;2012;Vera Lucia Miranda de Carvalho;Conselho Fiscal;Não
58.207.572/0001-26;2012;Nelson Teixeira;Presidente;Não
58.207.572/0001-26;2012;Mauro César Dinato;1º Vice-Presidente;Sim
58.207.572/0001-26;2012;Hélio Agostinho;Diretor de Assuntos Jurídicos;Não
58.207.572/0001-26;2012;Arnaldo Joaquim;1º Diretor Financeiro;Não
58.207.572/0001-26;2012;Edmundo Ribeiro de Mendonça Neto;2º Vice-Presidente;Não
58.207.572/0001-26;2012;Beatriz Berenchtein;1º Diretor secretário;Não
58.207.572/0001-26;2012;Adriano Franco Mitidiero;2º Diretor Secretário;Não
58.207.572/0001-26;2012;Silvio da Rocha Soares Neto;2º Diretor Financeiro;Não
58.224.692/0001-31;2012;AVELINO PEREIRA MORGADO FILHO;PRESIDENTE;Não
58.224.692/0001-31;2012;MARIA DE LOURDES DA SILVA AGOSTO;VICE PRESIDENTE;Não
58.224.692/0001-31;2012;LUIZ ALFREDO AUGUSTO;1º TESOUREIRO;Não
58.224.692/0001-31;2012;CARLOS ALBERTO DE FREITAS PONTES;2º TESOUREIRO;Não
58.224.692/0001-31;2012;ROSANE DA SILVA AGOSTO FERNANDES PIMENTA;2º SECRETARIO;Não
58.224.692/0001-31;2012;ELIANA SOARES;1º SECRETÁRIO;Não
58.222.910/0001-07;2012;Marco Antonio de Alcantara;Vice-Presidente;Não
58.222.910/0001-07;2012;Aldemir Sousa Lobo;Tesoureiro;Não
58.222.910/0001-07;2012;Roseneide Fassina;Diretor Administrativo;Não
71.550.222/0001-26;2012;Airton Rabelo de Souza;Presidente;Não
71.550.222/0001-26;2012;Mário dos Reis;1º Tesoureiro;Não
71.550.222/0001-26;2012;Wellington Porto Figueiredo Júnior;1º Secretario;Não
71.550.222/0001-26;2012;Marco Antônio Botelho de Souza;Vice Presidente;Não
71.550.222/0001-26;2012;Cristiano Barbosa Botelho;2º Secretário;Não
71.550.222/0001-26;2012;Hevelcio de Souza;2º Tesoureiro;Não
58.191.008/0001-62;2012;ANTONIO BALDAN  CASAL;Vice Presidente;Não
58.191.008/0001-62;2012;CLOTILDE PAUL;Diretora Secretaria;Não
58.250.267/0001-17;2012;CARLOS ALVES QUEIROZ;Presidente;Sim
58.250.267/0001-17;2012;ANTONIO ROBERTO PIMENTEL JOSÉ;VICE-PRESIDENTE;Sim
58.250.267/0001-17;2012;JOSÉ SERGIO FERNANDES DE MATTOS;TESOUREIRO;Não
58.250.267/0001-17;2012;ALBERTO CARNEIRO ESPÓSITO;SECRETÁRIO;Não
58.250.267/0001-17;2012;DIRCEU AGOSTINHO;DIRETOR DE RELAÇÕES PÚBLICAS;Não
58.250.267/0001-17;2012;JAIR OSWALDO GRASSI MAZZETTO;DIRETOR DE PATRIMÔNIO;Sim
58.250.267/0001-17;2012;FERNANDO JOSÉ DA COSTA BURGOS;DIRETOR ADMINISTRATIVO;Não
58.250.267/0001-17;2012;MARCELO VALLEJO MARSAIOLI;DIRETOR JURÍDICO;Não
58.250.267/0001-17;2012;MARIA LÚCIA NUNES MOREIRA;DIRETOR DE EDUCAÇÃO;Não
71.554.695/0001-00;2012;Hercules Mosteiro Rozo;Diretor Financeiro;Não
71.554.695/0001-00;2012;Fabiano de Abreu Moreira;Vice Presidente;Não
71.554.695/0001-00;2012;Tânia Maria Justo;Diretora Presidente;Não
52.256.054/0001-16;2006;João Luiz Zanethi;Presidente;Não
52.256.054/0001-16;2006;Rodrigo Luiz Zanethi;Vice Presidente;Não
52.256.054/0001-16;2006;Waldemar Cardoso Filho;Secretário;Não
52.256.054/0001-16;2006;Elsie Spósito;Tesoureira;Não
52.256.054/0001-16;2006;Julio Orlando Moraes Galacho;Diretor Social;Não
58.269.515/0001-71;2012;Rolnei Souza;Vice- Presidente;Não
58.269.515/0001-71;2012;Laurindo Teixeira Tasso;1° Tesoureira;Não
58.269.515/0001-71;2012;Ricardo Felippe Maluf Filho;2° Tesoureira;Não
58.269.515/0001-71;2012;Danilo Busse Spironelli;1° Secretário;Não
58.269.515/0001-71;2012;ANA COCCIMIGLIO MARCONDES;SEGUNDA SECRETARIA;Não
68.018.050/0001-30;2012;NILO ALVES ARAÚJO;DIRETOR FINANCEIRO;Não
68.018.050/0001-30;2012;ACÁCIO CHAGAS AMARAL;DIRETOR ADMINISTRATIVO;Não
68.018.050/0001-30;2012;JOSÉ CARLOS DOS SANTOS;VICE PRESIDENTE;Não
68.018.050/0001-30;2012;JOSÉ ALMEIDA NUNES;PRIMEIRO DIRETOR SECRETARIO;Não
58.218.215/0001-63;2012;CHARLES ARTUR SANTOS DE OLIVIERA;PRESIDENTE DO CONSELHO DIRETOR;Não
58.218.215/0001-63;2012;BENEDITO ROBERTO RIBEIRO;1º SECRETÁRIO DO CONSELHO DIRETOR;Não
58.218.215/0001-63;2012;DÉCIO PETRONE BARCOS;2º SECRETÁRIO DO CONSELHO DIRETOR;Não
58.218.215/0001-63;2012;JOÃO ROBERTO LAJA;2º FINANCEIRO DO CONSELHO DIRETOR;Não
58.218.215/0001-63;2012;RICARDO PEREIRA VIVA;DIRETOR JURÍDICO DO CONSELHO DIRETOR;Não
58.218.215/0001-63;2012;JOSÉ AUGUSTO BEZERRA;SOCIAL DO CONSELHO DIRETOR;Não
58.218.215/0001-63;2012;JOSÉ CARLOS FONSECA;Vice Presidente do Conselho Diretor;Não
58.218.215/0001-63;2012;ROBERTO DE OLIVEIRA SANTOS CLAUDIO;1º TESOUREIRO DO CONSELHO DIRETOR;Não
58.218.215/0001-63;2012;BIAGGIO AUGUSTO ALEARDO DE BONA;RELAÇÕES PUBLICAS DO CONSELHO DIRETOR;Não
58.218.215/0001-63;2012;JOSÉ LUIZ PIMENTEL AMORIM;PATRIMÕNIO DO CONSELHO DIRETOR;Não
58.198.524/0001-19;2012;FELIX ALBERTO BALLERINI;VICE-PROVEDOR;Não
58.198.524/0001-19;2012;WILSON DE ALMEIDA FILHO;1º TESOUREIRO;Não
58.198.524/0001-19;2012;CARLOS ALVES QUEIROZ;2º TESOUREIRO;Sim
58.198.524/0001-19;2012;SERGIO ARAUJO;1º SECRETÁRIO;Não
58.198.524/0001-19;2012;LUIZ FERNANDO NETTUZZI;2º SECRETÁRIO;Não
58.198.524/0001-19;2012;MARCO ANTONIO CAMPANÁRIO;MORDOMO GERAL;Não
58.198.524/0001-19;2012;PAULO VAZ PACHECO DE CASTRO;PROCURADOR GERAL;Não
58.238.866/0001-15;2012;POMPEU LOPES;PRIMEIRO DIRETOR FINANCEIRO;Não
58.238.866/0001-15;2012;VALDETE FELIX DA SILVA;SEGUNDO DIRETOR FINANCEIRO;Não
58.238.866/0001-15;2012;MANUEL MARTINEZ VAZQUEZ;VICE-PRESIDENTE;Não
58.238.866/0001-15;2012;ANTONIO AUGUSTO BRANCO DE CORREA;DIRETOR SOCIAL;Não
58.238.866/0001-15;2012;MARCIA LAWANT ATIK;PRIMEIRA DIRETORA  SECRETARIA;Não
58.238.866/0001-15;2012;JOSE ROBERTO DOS SANTOS;DIRETOR DE PATRIMONIO;Não
58.247.503/0001-46;2012;Pedro Antonio dos Santos;Vice Presidente Financeiro;Não
58.247.503/0001-46;2012;Diogo Henriques da Mata;Vice Presidente Patrimônio;Não
58.247.503/0001-46;2012;Marcelo Rodrigues dos Santos;Vice Presidente administrativo;Não
58.247.503/0001-46;2012;Alexandre Luiz de Souza;Vice Presidente Atuação;Não
46.170.494/0001-53;2012;Maria Isabel Dipp;Vice presidente;Não
46.170.494/0001-53;2012;Arilene Nehne;Tesoureira;Não
46.170.494/0001-53;2012;Márcia Massako Toyama Aires;segunda tesoureira;Não
64.042.740/0001-73;2012;Jose Paulino Gouveia;Vice Presidente;Não
64.042.740/0001-73;2012;Mario Rodrigues Peres Filho;1 Tesoureiro;Não
64.042.740/0001-73;2012;Maria Aparecida Beixiga de Souza;2. Tesoureira;Não
64.042.740/0001-73;2012;Solange de Souza Medeiros;Secretaria;Não
55.674.782/0001-36;2007;Carmen Biancardi Mejias;Vice Presidente;Não
55.674.782/0001-36;2007;Manoel Rodrigues Guino;Diretor Cultural;Não
55.674.782/0001-36;2007;Maria Aparecida de Jesus Graça;Diretora Social;Não
55.674.782/0001-36;2007;Alzira Mello Ventura;Tesoureira;Sim
55.674.782/0001-36;2007;Marcela Justo de Carvalho;Segunda Tesoureira;Não
55.674.782/0001-36;2007;Vera Lucia Rodrigues da Cruz;Primeira Secretária;Não
55.674.782/0001-36;2007;Jesonias José de Souza;Diretor de Patrimonio;Sim
55.674.782/0001-36;2007;Celsa Barbosa da Silva de Melo;Conselho Fiscal;Não
55.674.782/0001-36;2007;Cleonice Aragão de Jesus;Conselho Fiscal;Não
55.674.782/0001-36;2007;Rosevania Galdino da Silva;Conselho Fiscal;Não
55.674.782/0001-36;2007;Idália Freire de Santana;Conselho Fiscal- Suplente;Não
55.674.782/0001-36;2007;Giberto Pessôa;Conselho Deliberativo;Não
55.674.782/0001-36;2007;Manuel Amaro Rodrigues Moro;Conselho Deliberativo;Não
55.674.782/0001-36;2007;Adelino Antonio de Jesus Martins;Conselho Deliberativo;Não
55.674.782/0001-36;2007;Anália Paregas Fernandes Pinto;Conselho Deliberativo- Suplente;Não
55.674.782/0001-36;2007;Bruna Justo de Carvalho;Conselho Deliberativo- Suplente;Não
55.674.782/0001-36;2007;Tania Maria Martins de Mendonça;Conselho Fiscal- Suplentes;Não
55.674.782/0001-36;2007;Georgina Pereira Távora;Conselho Fiscal- Suplente;Não
55.674.782/0001-36;2007;Regina Assunção Pessôa;Segunda Secretária;Não
55.674.782/0001-36;2012;Teresa Biancardi Mejias;Vice Presidente;Não
55.674.782/0001-36;2012;Manoel Rodrigues Guino;Diretor Jurídico;Não
55.674.782/0001-36;2012;Alzira Mello Ventura;Primeira Tesoureira;Sim
55.674.782/0001-36;2012;Marcela Justo de Carvalho;Segunda Tesoureira;Não
55.674.782/0001-36;2012;Jesonias José de Souza;Diretor de Patrimonio;Sim
55.674.782/0001-36;2012;Celsa Barbosa da Silva de Melo;Conselho Fiscal;Não
55.674.782/0001-36;2012;Cleonice Aragão de Jesus;Conselho Deliberativo;Não
55.674.782/0001-36;2012;Giberto Pessôa;Presidente do Conselho Deliberativo;Não
55.674.782/0001-36;2012;Manuel Amaro Rodrigues Moro;Vice Presidente do Conselho Deliberativo;Não
55.674.782/0001-36;2012;Anália Paregas Fernandes Pinto;Conselho Fiscal;Não
55.674.782/0001-36;2012;Bruna Justo de Carvalho;Primeira Secretária;Não
55.674.782/0001-36;2012;Georgina Pereira Távora;Conselho Deliberativo - Suplente;Não
55.674.782/0001-36;2012;Regina Maria Assunção Pessôa;Conselho Deliberativo - Secretária;Não
55.674.782/0001-36;2012;Nádia dos Santos;Segunda Secretária;Não
55.674.782/0001-36;2012;Denise Soares de Oliveira;Diretora Social;Não
55.674.782/0001-36;2012;Talita Afonso Chaves;Diretora Cultural;Sim
55.674.782/0001-36;2012;Siusete Rose Magalhães;Conselho Fiscal- Suplente;Não
55.674.782/0001-36;2012;Silvana Aguiar Costa;Conselho Fiscal;Não
55.674.782/0001-36;2012;Marisa Nunes Neves;Conselho Deliberativo - Suplente;Não
55.674.782/0001-36;2012;Maria Amélia Gonçalves Peres Lopes;Conselho Fiscal-Suplente;Não
55.674.782/0001-36;2012;Yuri Lee;Conselho Deliberativo;Não
55.674.782/0001-36;2012;Mara Adriana Monteiro;Conselho Deliberativo;Não
55.674.782/0001-36;2012;Elaine Aparecida Manoel;Conselho Deliberativo;Não
55.674.782/0001-36;2012;Sérgio Maestre de Aguiar;Conselho Deliberativo;Não
55.674.782/0001-36;2012;Roseli Cristina dos Santos;Conselho Deliberativo;Não
55.674.782/0001-36;2012;Andréa Aparecida Raimundo;Conselho Deliberativo - Suplente;Não
55.674.782/0001-36;2012;Wanda Gomes Robortella;Conselho Deliberativo- Suplente;Não
55.674.782/0001-36;2012;Arleide Maria de Lima;Conselho Deliberativo- Suplente;Não
55.674.782/0001-36;2012;Deise Cristina da Silva Santos;Conselho Fiscal - Suplente;Não
58.198.524/0001-19;2007;FELIX ALBERTO BALLERINI;VICE-PROVEDOR;Não
58.198.524/0001-19;2007;WILSON DE ALMEIDA FILHO;1º TESOUREIRO;Não
58.198.524/0001-19;2007;ALSINO DE SOUZA;2º TESOUREIRO;Não
58.198.524/0001-19;2007;SERGIO ARAÚJO;1º SECRETÁRIO;Não
58.198.524/0001-19;2007;ALTIVO FERREIRA;2º SECRETÁRIO;Não
58.198.524/0001-19;2007;MILTON  AFFONSO DOS SANTOS;MORDOMO GERAL;Não
58.198.524/0001-19;2007;PAULO VAZ PACHECO DE CASTRO;PROCURADOR GERAL;Não
64.715.899/0001-01;2012;Noemia de Lourdes Felisberto de Souza;Conselheira Fiscal Efetiva;Não
64.715.899/0001-01;2012;Reginaldo Eloi Machado;Primeiro Tesoureiro;Não
64.715.899/0001-01;2012;Sonia Maria dos Santos;Conselho Fiscal Efetivo;Não
64.715.899/0001-01;2012;Everaldo Pieretti;Segundo Secretario;Não
64.715.899/0001-01;2012;Maria Luiza de Oliveira;Primeira Secretaria;Não
64.715.899/0001-01;2012;Magali Lima Marques;Segundo Tesoureiro;Não
64.715.899/0001-01;2012;Oleni de Oliveira Lobo;Conselho Fiscal 1° Suplente;Não
64.715.899/0001-01;2012;Luis Alberto Góis Camacho;Conselho Fiscal   efetivo;Não
64.715.899/0001-01;2012;Marilde Vianna Rodrigues da Silva;Conselho Deliberativo;Não
64.715.899/0001-01;2012;Ubiratan Gonçalves;Vice Presidente;Não
64.715.899/0001-01;2012;Alexander Rodrigues de Almeida;Conselho Deliberativo;Não
64.715.899/0001-01;2012;Angela Maria Aparicio Garcia;Conselho Fiscal Suplente;Não
64.715.899/0001-01;2012;Marcia Lunardi de Souza;Conselho Fiscal Suplente;Não
64.715.899/0001-01;2012;Jose NOberto Carossi;Diretor de Patrimonio;Não
64.715.899/0001-01;2012;Sirleni Simioni Peloi;Conselho Deliberativo;Não
52.246.451/0001-07;2007;Natalino Gabriel do Prado Filho;Presidente do Conselho Deliberativo;Não
52.246.451/0001-07;2007;Francisco de Assis Chaves Carvalho;Vice Presidente do Conselho Deliberativo;Não
52.246.451/0001-07;2007;Alberto Henrique Silveira Jaluks;1º Secretário do Conselho Deliberativo;Não
52.246.451/0001-07;2007;Roselaine de Toledo Piza Jaluks;2º Secretário do Conselho Deliberativo;Não
52.246.451/0001-07;2007;Vera Lucia Garcez de Araújo;Diretora Executiva;Não
52.246.451/0001-07;2007;Hercília Coelho da Conceição;Vice Diretora Executiva;Não
52.246.451/0001-07;2007;Edméia Alves Manzoli Trovati;1ª Secretária Executiva;Não
52.246.451/0001-07;2007;Célia Batista Melo;2ª Secretária Executiva;Não
52.246.451/0001-07;2007;Manoel de Araújo;1º Tesoureiro Executivo;Não
52.246.451/0001-07;2007;Gilberto Luis de Souza;2º Tesoureiro Executivo;Não
68.025.576/0001-47;2012;Victor Andrade Cesar;1º Tesoureiro;Não
68.025.576/0001-47;2012;Maria Nelly Fernadez da Silva Lourenzo;2º Tesoureira;Não
68.025.576/0001-47;2012;Paulo Marques dos Santos;1º Vice Presidente;Não
68.025.576/0001-47;2012;Gisele Medeiros Vallejo;Secretária;Não
58.251.711/0001-19;2012;SÍLVIA ÂNGELA TEIXEIRA PENTEADO;DIRETORA-EXECUTIVA;Não
58.251.711/0001-19;2012;MARIA CECÍLIA PIRILO TEIXEIRA;DIRETORA-SUPERINTENDENTE;Não
58.251.711/0001-19;2012;NILZA MARIA PIRILO TEIXEIRA;DIRETORA-COORDENADORA GERAL;Não
58.251.711/0001-19;2012;MARCELO PIRILO TEIXEIRA;DIRETOR-ADMINISTRATIVO;Não
10.227.433/0001-38;2012;CARLOS AMERICO ERREIRA CORTEZ;DIRETOR PRESIDENTE;Não
66.505.017/0001-09;2012;Ivanete dos Santos Serpa;Vice Presidente;Não
66.505.017/0001-09;2012;Maria Antônia dos Santos Topp;Segunda Secretaria;Não
66.505.017/0001-09;2012;Gladis Maria Rosa Henriques;Primeira Tesoureira;Não
66.505.017/0001-09;2012;Marineide Ruas Moreno;Segunda Tesoureira;Não
66.505.017/0001-09;2012;Vera Lucia Viana;Diretora Social;Não
66.505.017/0001-09;2012;Roberto Gonçalves Otero;Primeiro Secretario;Não
66.505.017/0001-09;2012;Valderes Alonso;Diretora de Patrimônio;Não
11.043.826/0001-54;2012;DJALMA LUIZ DO NASCIMENTO;TESOUREIRO;Não
11.043.826/0001-54;2012;Elisabete de Andrade Carvalho;vice-presidente;Não
55.674.030/0001-75;2012;JOSE DE OLIVEIRA SILVA;PRESIDENTE;Não
55.674.030/0001-75;2012;ALEXANDRE LOPES PERES;TESOUREIRO;Não
55.674.030/0001-75;2012;YNEL ALVES DE CAMARGO FILHO;SECRETARIO;Não
15.321.633/0001-79;2012;LIANE UECHI MARTINS SANCHES;VICE PRESIDENTE;Não
15.321.633/0001-79;2012;ALBERTO UECHI MARTINS;TESOUREIRO;Não
15.321.633/0001-79;2012;WLADIMIR DOS SANTOS MATTOS;PRESIDENTE;Não
60.015.070/0001-45;2007;PEDRO DE MORAES CHAGAS;PRESIDENTE;Não
60.015.070/0001-45;2007;ROMEU BAPTISTÃO;VICE - PRESIDENTE;Não
60.015.070/0001-45;2007;SEBASTIÃO GUEDES DA COSTA;TESOUREIRO;Não
60.015.070/0001-45;2007;CONSTANTINO GONZALEZ ARES;2º TESOUREIRO;Não
60.015.070/0001-45;2007;ADHEMAR PAES COSME;1º SECRETÁRIO;Não
60.015.070/0001-45;2007;ALBERICO LEÃO LIMA;2º SECRETÁRIO;Não
58.207.572/0001-26;2007;Nelson Teixeira;Presidente;Não
58.207.572/0001-26;2007;Mauro César Dinato;1º Vice-Presidente;Sim
58.207.572/0001-26;2007;Mário Ruivo;2º Vice-Presidente;Não
58.207.572/0001-26;2007;Hélio Agostinho;Diretor de Assuntos Jurídicos;Não
58.207.572/0001-26;2007;Paulo Vaz Pacheco de Castro;2º Diretor Secretário;Não
58.207.572/0001-26;2007;Arnaldo Joaquim;1º Diretor Financeiro;Não
58.207.572/0001-26;2007;Alberto Joaquim;2º Diretor Financeiro;Não
58.207.572/0001-26;2007;Edmundo Ribeiro de Mendonça Neto;1º Diretor Secretário;Não
64.042.740/0001-73;2007;José Paulino Gouveia;Vice Presidente;Não
64.042.740/0001-73;2007;Mario Rodrigues Peres Filho;1º. Tesoureiro;Não
64.042.740/0001-73;2007;Maria Aparecida Beixiga de Souza;2º. Tesoureira;Não
64.042.740/0001-73;2007;Solange de Souza Medeiros;Secretaria;Não
52.246.451/0001-07;2012;Carlos Antonio Rodrigues Carranza;Presidente do Conselho Deliberativo;Não
52.246.451/0001-07;2012;Natalino Gabriel do Prado Filho;Vice Presidente do Conselho Deliberativo;Não
52.246.451/0001-07;2012;Roselaine de Toledo Piza Jaluks;1ª Secretária do Conselho Deliberativo;Não
52.246.451/0001-07;2012;Alberto Henrique Silveira Jaluks;2º Secretário do Conselho Deliberativo;Não
52.246.451/0001-07;2012;Marlene Lopes Duarte;Diretora Executiva;Sim
52.246.451/0001-07;2012;Vera Lucia Garcez de Araujo;Vice Diretora Executiva;Não
52.246.451/0001-07;2012;Rosangela Teixeira Camino;1ª Secretária Executiva;Não
52.246.451/0001-07;2012;Elaine Felix;2ª  Tesoureira Executiva;Não
52.246.451/0001-07;2012;Henrique Paulo Juliano;1º Tesoureiro Executivo;Não
52.246.451/0001-07;2012;Lucilene Maria Pinheiro;Segunda Secretária Executiva;Não
52.246.451/0001-07;2012;Maria de Deus Rodrigues Ganança;Comissão Fiscal - relator;Sim
52.246.451/0001-07;2012;Marcia Maria Pinto;Comissão Fiscal - Membro;Não
52.246.451/0001-07;2012;Giselda Jardim de Britto Biasoli;Comissão Fiscal - Membro;Não
52.246.451/0001-07;2012;Teresa Maria Teixeira Petito da Silva;Comissão Fiscal - 1ª Suplente;Não
52.246.451/0001-07;2012;Leônidas Carvalho Aragão;Comissão Fiscal - 2º Suplente;Sim
52.246.451/0001-07;2012;Lucas Leite Cunha;Conselho Deliberativo - Suplente;Não
51.642.288/0001-39;2012;MARIA JOSÉ DA SILVA MOREIRA;1ª vice-presidente;Não
51.642.288/0001-39;2012;CLEMILDES FRAGA DOS SANTOS;2ª tesoureira;Não
51.642.288/0001-39;2012;EMIKA FUKUMOTO;1ª. Secretária;Não
51.642.288/0001-39;2012;ELAINE CRISTINA PASTORI MOURARIA DE ALMEIDA PROENÇA;Diretora de Patrimônio;Não
51.642.288/0001-39;2012;ONEISA SANTOS SOUZA FRANCISCO;2ª VICE PRESIDENTE;Não
51.642.288/0001-39;2012;MARIA APARECIDA NUNES DOS ANJOS DE SOUZA;2ª. TESOUREIRA;Não
51.642.288/0001-39;2012;FLAVIA SANTOS DOS SANTOS;2ª. SECRETÁRIA;Não
15.699.589/0001-35;2012;Douglas Hermann Tempel;Diretor Tesoureiro-Contabil;Não
15.699.589/0001-35;2012;Rosimeire Campos;Diretora de Relações Institucionais;Não
15.699.589/0001-35;2012;Mariella Saitta Batista;Diretora Executiva;Não
15.699.589/0001-35;2012;Marcelo Pintor Rodrigues;Diretor Administrativo;Não
58.269.515/0001-71;2007;Sonia Maria Portela Maximo;Vice- Presidente;Não
58.269.515/0001-71;2007;Maria Perez Bartolo;1° Tesoureira;Não
58.269.515/0001-71;2007;Marilene dos Santos Fernandes;2° Tesoureira;Não
58.269.515/0001-71;2007;Marli Diniz Ferreira;2° Secretária;Não
58.269.515/0001-71;2007;Lygia Simões Loureiro;1° Secretária;Não
58.257.023/0001-66;2007;PAULO VAZ PACHECO DE CASTRO;VICE PRESIDENTE;Não
58.257.023/0001-66;2007;JOSE HENRIQUE TUROLA FRAGOAS;1º TESOUREIRO;Não
58.257.023/0001-66;2007;JOSÉ GERALDO BATALHA;2º TESOUREIRO;Não
58.257.023/0001-66;2007;FÉLIX ALBERTO BALLERINI;1º SECRETÁRIO;Não
58.257.023/0001-66;2007;ODILON PEREIRA DA SILVA FILHO;2º SECRETÁRIO;Não
58.257.023/0001-66;2007;CLINEU DE MELO ALMADA;PRESIDENTE DO CONSELHO DELIBERATIVO;Não
58.257.023/0001-66;2007;ABIGAIL CECHELERO COUTO;DIRETORA ADMINISTRATIVA E RELAÇÕES PÚBLICAS;Não
58.257.023/0001-66;2007;HORÁCIO PERDIZ PINHEIRO JUNIOR;CONSELHEIRO FISCAL;Não
58.257.023/0001-66;2007;JOÃO CARLOS PERDIGÃO LEIROS;CONSELHEIRO FISCAL;Não
58.257.023/0001-66;2007;MARIO SERGIO DOS SANTOS RIBEIRO;CONSELHEIRO FISCAL;Não
58.207.572/0001-26;2013;Nelson Teixeira;Presidente;Não
58.207.572/0001-26;2013;Mauro César Dinato;1º Vice-Presidente;Sim
58.207.572/0001-26;2013;Hélio Agostinho;Diretor de Assuntos Jurídicos;Não
58.207.572/0001-26;2013;Arnaldo Joaquim;1º Diretor Financeiro;Não
58.207.572/0001-26;2013;Edmundo Ribeiro de Mendonça Neto;2º Vice-Presidente;Não
58.207.572/0001-26;2013;Beatriz Berenchtein;1º Diretor secretário;Não
58.207.572/0001-26;2013;Adriano Franco Mitidiero;2º Diretor Secretário;Não
58.207.572/0001-26;2013;Silvio da Rocha Soares Neto;2º Diretor Financeiro;Não
58.194.622/0001-88;2013;ADEMIR PESTANA;PRESIDENTE;Não
58.194.622/0001-88;2013;RENATO LUIZ RODRIGUES NOVAES;VICE-PRESIDENTE;Não
58.194.622/0001-88;2013;CARLOS ALBERTO LIMAS;DIRETOR FINANCEIRO;Não
64.715.899/0001-01;2013;Noemia de Lourdes Felisberto de Souza;Conselheira Fiscal Efetiva;Não
64.715.899/0001-01;2013;Reginaldo Eloi Machado;Primeiro Tesoureiro;Não
64.715.899/0001-01;2013;Sonia Maria dos Santos;Conselho Fiscal Efetivo;Não
64.715.899/0001-01;2013;Everaldo Pieretti;Segundo Secretario;Não
64.715.899/0001-01;2013;Maria Luiza de Oliveira;Primeira Secretaria;Não
64.715.899/0001-01;2013;Magali Lima Marques;Segundo Tesoureiro;Não
64.715.899/0001-01;2013;Oleni de Oliveira Lobo;Conselho Fiscal 1° Suplente;Não
64.715.899/0001-01;2013;Luis Alberto Góis Camacho;Conselho Fiscal   efetivo;Não
64.715.899/0001-01;2013;Marilde Vianna Rodrigues da Silva;Conselho Deliberativo;Não
64.715.899/0001-01;2013;Ubiratan Gonçalves;Vice Presidente;Não
64.715.899/0001-01;2013;Alexander Rodrigues de Almeida;Conselho Deliberativo;Não
64.715.899/0001-01;2013;Angela Maria Aparicio Garcia;Conselho Fiscal Suplente;Não
64.715.899/0001-01;2013;Marcia Lunardi de Souza;Conselho Fiscal Suplente;Não
64.715.899/0001-01;2013;Jose NOberto Carossi;Diretor de Patrimonio;Não
64.715.899/0001-01;2013;Sirlene Simioni Peloi;Conselho Deliberativo;Não
58.198.227/0001-73;2007;Jose silverio da silva;2° tesoureiro;Não
58.198.227/0001-73;2007;Carlos Antonio Gomes;Presidente (licenciado);Não
58.198.227/0001-73;2007;Gil Pereira;2° tesoureiro;Não
58.198.227/0001-73;2007;Francisco  Nunes Cruz;1º Tesoureiro;Não
58.198.227/0001-73;2007;Alexandre de Matos Barbosa;2° secretário;Não
58.198.227/0001-73;2007;Ademar Basillio Panariello;Diretor de Patrimônio;Não
58.198.227/0001-73;2007;José Pereira Ramos;2° Diretor de patrimônio;Não
58.198.227/0001-73;2007;Francisco Anchieta Alves Barbosa;Diretor de Promoções;Não
58.198.227/0001-73;2007;Hugo Barbosa Filho;Diretor de Relações Públicas;Não
58.224.692/0001-31;2013;AVELINO PEREIRA MORGADO FILHO;PRESIDENTE;Não
58.224.692/0001-31;2013;MARIA DE LOURDES DA SILVA AGOSTO;VICE PRESIDENTE;Não
58.224.692/0001-31;2013;LUIZ ALFREDO AUGUSTO;1º TESOUREIRO;Não
58.224.692/0001-31;2013;CARLOS ALBERTO DE FREITAS PONTES;2º TESOUREIRO;Não
58.224.692/0001-31;2013;GEORGE MAURICIO TANGARY ELIAS;2º SECRETARIO;Não
58.224.692/0001-31;2013;ELIANA SOARES;1º SECRETÁRIO;Não
58.250.267/0001-17;2013;CARLOS ALVES QUEIROZ;Presidente;Sim
58.250.267/0001-17;2013;ANTONIO ROBERTO PIMENTEL JOSÉ;VICE-PRESIDENTE;Sim
58.250.267/0001-17;2013;JOSÉ SERGIO FERNANDES DE MATTOS;TESOUREIRO;Não
58.250.267/0001-17;2013;ALBERTO CARNEIRO ESPÓSITO;SECRETÁRIO;Não
58.250.267/0001-17;2013;DIRCEU AGOSTINHO;DIRETOR DE RELAÇÕES PÚBLICAS;Não
58.250.267/0001-17;2013;JAIR OSWALDO GRASSI MAZZETTO;DIRETOR DE PATRIMÔNIO;Sim
58.250.267/0001-17;2013;FERNANDO JOSÉ DA COSTA BURGOS;DIRETOR ADMINISTRATIVO;Não
58.250.267/0001-17;2013;MARCELO VALLEJO MARSAIOLI;DIRETOR JURÍDICO;Não
58.250.267/0001-17;2013;MARIA LÚCIA NUNES MOREIRA;DIRETOR DE EDUCAÇÃO;Não
58.191.008/0001-62;2013;ANTONIO BALDAN  CASAL;Vice Presidente;Não
58.191.008/0001-62;2013;CLOTILDE PAUL;Diretora Secretaria;Não
58.222.910/0001-07;2013;Marco Antonio de Alcantara;Vice-Presidente;Não
58.222.910/0001-07;2013;Aldemir Sousa Lobo;Tesoureiro;Não
58.222.910/0001-07;2013;Roseneide Fassina;Diretor Administrativo;Não
52.246.451/0001-07;2013;Carlos Antonio Rodrigues Carranza;Presidente do Conselho Deliberativo;Não
52.246.451/0001-07;2013;Marlene Lopes Duarte;Vice Diretora Executiva;Sim
52.246.451/0001-07;2013;Vera Lucia Garcez de Araujo;Diretora Executiva;Não
52.246.451/0001-07;2013;Maria de Deus Rodrigues Ganança;Comissão Fiscal - relator;Sim
52.246.451/0001-07;2013;Marcia Maria Pinto;Comissão Fiscal - Membro;Não
52.246.451/0001-07;2013;Giselda Jardim de Britto Biasoli;Comissão Fiscal - Membro;Não
52.246.451/0001-07;2013;Leônidas Carvalho Aragão;Comissão Fiscal - 2º Suplente;Sim
52.246.451/0001-07;2013;Lucas Leite Cunha;Conselho Deliberativo - Suplente;Não
52.246.451/0001-07;2013;Elisangela Maria Isidio Januário;primeira secretaria executiva;Não
52.246.451/0001-07;2013;Carlos Ambrosio dos Santos;Segundo Secretario executivo;Não
52.246.451/0001-07;2013;Edna Ramos de Oliveira Nunes;primeira secretaria do conselho deliberativo;Não
52.246.451/0001-07;2013;Eduardo Carlos de Souza;primeiro suplente comissão fiscal;Não
52.246.451/0001-07;2013;Helio Costa Curta;segundo tesoureiro executivo;Não
52.246.451/0001-07;2013;Sergio Luiz de Oliveira Nascimento;Vice presidente do conselho deliberativo;Não
52.246.451/0001-07;2013;Marcio Martinez Affonso;Primeiro Tesoureiro Executivo;Não
52.246.451/0001-07;2013;Jomar  da Silva;segundo secretário  do conselho deliberativo;Não
58.269.515/0001-71;2013;Rolnei Souza;Vice- Presidente;Não
58.269.515/0001-71;2013;Laurindo Teixeira Tasso;1° Tesoureira;Não
58.269.515/0001-71;2013;Ricardo Felippe Maluf Filho;2° Tesoureira;Não
58.269.515/0001-71;2013;Danilo Busse Spironelli;1° Secretário;Não
58.269.515/0001-71;2013;ANA COCCIMIGLIO MARCONDES;SEGUNDA SECRETARIA;Não
58.259.433/0001-46;2013;ODAIR PEREIRA COSTA;2º DIRETOR SOCIAL;Não
58.259.433/0001-46;2013;CARLOS CIBELLI RIOS;1º SECRETARIO;Não
58.259.433/0001-46;2013;IRTO DE SOUZA FILHO;1º DIRETOR SOCIAL;Não
58.259.433/0001-46;2013;GILBERTO COSTA FRANCO;1º DIRETOR DE PATRIMONIO;Não
58.259.433/0001-46;2013;JOSE RODRIGUES AMOEDO NETO;2º TESOUREIRO;Não
58.259.433/0001-46;2013;RICARDO FERREIRA DE SOUZA LYRA;VICE-PRESIDENTE;Não
58.259.433/0001-46;2013;EDMILSON ROBERTO DO NASCIMENTO;1º TESOUREIRO;Não
58.259.433/0001-46;2013;ANTONIO SILVA;2º SECRETÁRIO;Não
58.259.433/0001-46;2013;RODRIGO FERREIRA DE SOUZA DE FIGUEIREDO LYRA;DIRETOR DE RELAÇÕES PÚBLICAS;Não
71.554.695/0001-00;2013;Hercules Mosteiro Rozo;Diretor Financeiro;Não
71.554.695/0001-00;2013;Fabiano de Abreu Moreira;Vice Presidente;Não
71.554.695/0001-00;2013;Tânia Maria Justo;Diretora Presidente;Não
11.043.826/0001-54;2013;DJALMA LUIZ DO NASCIMENTO;TESOUREIRO;Não
11.043.826/0001-54;2013;Elisabete de Andrade Carvalho;vice-presidente;Não
71.545.636/0001-67;2013;Hebert Santo de Lima;Vice Presidente;Não
71.545.636/0001-67;2013;Renata Simões Sá;Tesoureira Nacional;Não
71.545.636/0001-67;2013;Maria de Lourdes Braz Joaquim Velasques;Secretaria Nacional;Não
71.545.636/0001-67;2013;Helena Beatriz Xavier Lourenço;Presidente de Honra e Coordenador de Estados;Não
71.545.636/0001-67;2013;Edvania Félix do Carmo;Presidente;Não
10.227.433/0001-38;2013;CARLOS AMERICO ERREIRA CORTEZ;DIRETOR PRESIDENTE;Não
11.061.995/0001-17;2013;Leandro Valença da Silva;Diretor Executivo;Não
11.061.995/0001-17;2013;Ricardo Andrade Marinho;Diretor Administrativo;Não
11.061.995/0001-17;2013;Simone Ferreira Sousa;Diretora Financeira;Não
51.642.288/0001-39;2013;MARIA JOSÉ DA SILVA MOREIRA;1ª vice-presidente;Não
51.642.288/0001-39;2013;CLEMILDES FRAGA DOS SANTOS;1ª tesoureira;Não
51.642.288/0001-39;2013;EMIKA FUKUMOTO;1ª. Secretária;Não
51.642.288/0001-39;2013;ELAINE CRISTINA PASTORI MOURARIA DE ALMEIDA PROENÇA;Diretora de Patrimônio;Não
51.642.288/0001-39;2013;ONEISA SANTOS SOUZA FRANCISCO;2ª VICE PRESIDENTE;Não
51.642.288/0001-39;2013;MARIA APARECIDA NUNES DOS ANJOS DE SOUZA;2ª. TESOUREIRA;Não
51.642.288/0001-39;2013;FLAVIA SANTOS DOS SANTOS;2ª. SECRETÁRIA;Não
58.225.905/0001-40;2014;Antônio José Pereira;Diretor 1º Tesoureiro;Não
58.225.905/0001-40;2014;Oswaldo Guerato;Diretor 2º Tesoureiro;Não
58.225.905/0001-40;2014;Sérgio Cunha Martinez;Vice-Presidente;Não
58.225.905/0001-40;2014;Diego Fonseca Santana;Diretor 1º Secretário;Não
58.225.905/0001-40;2014;Sérgio Antônio de Arruda Fabiano Neto;Diretor 2º Secretário;Não
58.225.905/0001-40;2014;Francisco Luiz Soares;Diretor de Patrimônio;Não
58.258.633/0001-84;2011;Viviane Rodriguez Teixeira;Vice-Presidente;Não
58.258.633/0001-84;2011;Maria Amelia Nunes Campos;1ª Tesoureira;Não
58.258.633/0001-84;2011;Camila Ramos Lousada Gonzalez;2ª Tesoureira;Não
58.258.633/0001-84;2011;Flavia Miranda de Carvalho Bajer;1ª Secretaria;Não
58.258.633/0001-84;2011;Ligia Bacelo Gonçalves;2ª Secretaria;Não
58.258.633/0001-84;2011;Maycow Montemor;Conselho Consultivo;Não
58.258.633/0001-84;2011;Juliana da Costa Fernandes Gonzalez;Conselho Fiscal;Não
58.258.633/0001-84;2011;Maria Ines Real Martinez;1ª Suplente  Conselho Consultivo;Não
58.258.633/0001-84;2011;Daniele Diniz de Castro Farias;2ª Suplente Conselho Consultivo;Não
58.258.633/0001-84;2011;Joao Bernardo  Simoes;Conselho Fiscal;Não
58.258.633/0001-84;2011;Ana Lucia Evangelista Esteves;Conselho Fiscal;Não
58.258.633/0001-84;2011;Daniella Muniz Paulini;1ª Suplente do Conselho Fiscal;Não
58.258.633/0001-84;2011;Fabiola de Campos Braga Mattozinho;2ª Suplente Conselho Fiscal;Não
58.258.633/0001-84;2011;Dinira Kabbach Lopes;Conselho Fiscal;Não
58.258.633/0001-84;2011;Naira Rodrigues Gaspar;Conselho Consultivo;Não
58.207.572/0001-26;2014;Nelson Teixeira;Presidente;Não
58.207.572/0001-26;2014;Mauro César Dinato;1º Vice-Presidente;Sim
58.207.572/0001-26;2014;Hélio Agostinho;Diretor de Assuntos Jurídicos;Não
58.207.572/0001-26;2014;Arnaldo Joaquim;1º Diretor Financeiro;Não
58.207.572/0001-26;2014;Edmundo Ribeiro de Mendonça Neto;2º Vice-Presidente;Não
58.207.572/0001-26;2014;Beatriz Berenchtein;1º Diretor secretário;Não
58.207.572/0001-26;2014;Adriano Franco Mitidiero;2º Diretor Secretário;Não
58.207.572/0001-26;2014;Silvio da Rocha Soares Neto;2º Diretor Financeiro;Não
58.191.008/0001-62;2014;ANTONIO BALDAN  CASAL;Vice Presidente;Não
58.191.008/0001-62;2014;CLOTILDE PAUL;Diretora Secretaria;Não
58.251.711/0001-19;2014;SÍLVIA ÂNGELA TEIXEIRA PENTEADO;DIRETORA-EXECUTIVA;Não
58.251.711/0001-19;2014;MARIA CECÍLIA PIRILO TEIXEIRA;DIRETORA-SUPERINTENDENTE;Não
58.251.711/0001-19;2014;NILZA MARIA PIRILO TEIXEIRA;DIRETORA-COORDENADORA GERAL;Não
58.251.711/0001-19;2014;MARCELO PIRILO TEIXEIRA;DIRETOR-ADMINISTRATIVO;Não
58.250.267/0001-17;2014;CARLOS ALVES QUEIROZ;Presidente;Não
58.250.267/0001-17;2014;ANTONIO ROBERTO PIMENTEL JOSÉ;VICE-PRESIDENTE;Não
58.250.267/0001-17;2014;PAULO DOS SANTOS;TESOUREIRO;Não
58.250.267/0001-17;2014;ALBERTO CARNEIRO ESPÓSITO;SECRETÁRIO;Não
58.250.267/0001-17;2014;DIRCEU AGOSTINHO;DIRETOR DE RELAÇÕES PÚBLICAS;Não
58.250.267/0001-17;2014;JAIR OSWALDO GRASSI MAZZETTO;DIRETOR DE PATRIMÔNIO;Não
58.250.267/0001-17;2014;FERNANDO JOSÉ DA COSTA BURGOS;DIRETOR ADMINISTRATIVO;Não
58.250.267/0001-17;2014;JOSÉ BATISTA DOS SANTOS FILHO;DIRETOR JURÍDICO;Não
58.250.267/0001-17;2014;MARIA LÚCIA NUNES MOREIRA;DIRETOR DE EDUCAÇÃO;Não
15.699.589/0001-35;2014;RITA DE CASSIA DAMBROSIO;PRESIDENTA;Não
15.699.589/0001-35;2014;MARIELLA SAITTA BATISTA;DIRETORA EXECUTIVA E DIRETORA TESOUREIRA;Não
15.699.589/0001-35;2014;MARCELO PINTOR RODRIGUES;DIRETOR ADMINISTRATIVO;Não
58.230.293/0001-83;2007;WILSON SILVEIRA DE ARAÚJO;PRESIDENTE;Não
58.230.293/0001-83;2007;OLIVÉRIO ROCHA C. FILHO;VICE-PRESIDENTE;Não
58.230.293/0001-83;2007;SONIA MARIA DE S. GABRIEL;1ª SECRETÁRIA;Sim
58.230.293/0001-83;2007;CREUZA SEVERINO JULIÃO;2ª SECRETARIA;Não
58.230.293/0001-83;2007;JOSÉ MANUEL GORDILHO DA SILVA;1º TESOUREIRO;Não
58.230.293/0001-83;2007;RUI RECHE BARBOSA;2º TESOUREIRO;Não
58.218.207/0001-17;2007;ROBERTO LUIZ BARROSO;VICE PRESIDENTE;Não
58.218.207/0001-17;2007;ANTONIO DE FREITAS FERREIRA;1º TESOUREIRO;Não
58.218.207/0001-17;2007;JOVENIANO  WALTER FURTADO CRUZ;2º TESOUREIRO;Não
58.218.207/0001-17;2007;WILMA ARLETE FISCHBACHER MONTEUX;1ª SECRETÁRIA;Não
58.218.207/0001-17;2007;ROBERTO LUIZ BARROSO FILHO;DIRETOR DE PATRIMÔNIO;Não
58.218.207/0001-17;2007;JOSÉ NARCISO FERNANDES INÁCIO;DIRETOR JURÍDICO;Não
58.218.207/0001-17;2007;HENRIQUE CAMILO DE LELLIS;DIRETOR SEM PASTA;Não
58.218.207/0001-17;2007;HORTÊNCIA MARTINEZ SOARES BENETTE;SECRETÁRIA;Não
58.194.622/0001-88;2008;ADEMIR PESTANA;PRESIDENTE;Não
58.194.622/0001-88;2008;RENATO LUIZ RODRIGUES NOVAES;VICE-PRESIDENTE;Não
58.194.622/0001-88;2008;CARLOS ALBERTO LIMAS;DIRETOR FINANCEIRO;Não
58.225.905/0001-40;2008;Antonio Maria Fernandez Martinez;Vice-Presidente;Não
58.225.905/0001-40;2008;Mauro Leal Silva;1° Secretário;Não
58.225.905/0001-40;2008;Ivo Sanches;1° Tesoureiro;Não
58.225.905/0001-40;2008;Luis Tadeu Sampel Borges;2° Tesoureiro;Não
58.225.905/0001-40;2008;Alessandro Felipe Jerones;Diretor de Patrimônio;Não
64.715.899/0001-01;2008;Augusta de Raeffray Barbosa Gherardi;Primeira Secretária;Não
64.715.899/0001-01;2008;Fábio Lettieri;Segundo Secretário;Não
64.715.899/0001-01;2008;Augusto Capodicasa;Primeiro Tesoureiro;Não
64.715.899/0001-01;2008;Magali Lima Marques;Segunda Tesoureira;Não
64.715.899/0001-01;2008;Stefano Lopes Rinaldi;Conselheiro Fiscal Efetivo;Não
64.715.899/0001-01;2008;Luiz Carlos Silveira de Mendonça;Conselheiro Fiscal Efetivo;Não
64.715.899/0001-01;2008;Noemia de Lourdes Felisberto de Souza;Conselheira Fiscal Efetiva;Não
64.715.899/0001-01;2008;Sureia Oliveira Delduque;Conselheira deliberativa;Não
64.715.899/0001-01;2008;Polydoro de Oliveira Neto;Conselheiro Deliberativo;Não
64.715.899/0001-01;2008;Adhmar Sani Junior;Diretor de Patrimônio;Não
64.715.899/0001-01;2008;Ana Maria Camargo Umbuzeiro Battendieri;Conselheira Fiscal Suplente;Não
64.715.899/0001-01;2008;Célio Heli de Amorim Filgueiras;Conselheiro Fical Suplente;Não
64.715.899/0001-01;2008;Reginaldo Eloi Machado;Vice Presidente;Não
64.715.899/0001-01;2008;Ricardo de Souza Sessa;Conselheiro Deliberativo;Não
58.191.008/0001-62;2008;ANTONIO BALDAN  CASAL;Vice Presidente;Não
58.191.008/0001-62;2008;CLOTILDE PAUL;Diretora Secretaria;Não
58.198.128/0001-91;2008;Rivaldo de Souza Moreno;1°  secretario;Não
58.198.128/0001-91;2008;Ricardo de Souza Moreno;2° secretário;Não
58.198.128/0001-91;2008;Sérgio Faria Duque;1° Tesoureiro;Não
58.198.128/0001-91;2008;Roseli Nogueira Moreno;2° Tesoureiro;Não
71.545.636/0001-67;2007;Hebert Santo de Lima;Secretario;Não
71.545.636/0001-67;2007;Mauricio renan Castilhos;Presidente;Não
58.269.515/0001-71;2008;Sonia Maria Portela Maximo;Vice- Presidente;Não
58.269.515/0001-71;2008;Maria Perez Bartolo;1° Tesoureira;Não
58.269.515/0001-71;2008;Clery Cesira Longobardi;2° Tesoureira;Não
58.269.515/0001-71;2008;Marli Diniz Ferreira;1° Secretária;Não
58.269.515/0001-71;2008;Maria Mendonça Galvão de Souza;2° Secretária;Não
71.545.636/0001-67;2006;Herbert Santo de Lima;Secretário;Não
71.545.636/0001-67;2006;Mauricio renan Castilhos;Vice - presidente;Não
58.207.572/0001-26;2008;Nelson Teixeira;Presidente;Não
58.207.572/0001-26;2008;Mauro César Dinato;1º Vice-Presidente;Sim
58.207.572/0001-26;2008;Hélio Agostinho;Diretor de Assuntos Jurídicos;Não
58.207.572/0001-26;2008;Paulo Vaz Pacheco de Castro;2º Diretor Secretário;Não
58.207.572/0001-26;2008;Arnaldo Joaquim;1º Diretor Financeiro;Não
58.207.572/0001-26;2008;Alberto Joaquim;2º Diretor Financeiro;Não
58.207.572/0001-26;2008;Edmundo Ribeiro de Mendonça Neto;1º Diretor Secretário;Não
58.269.515/0001-71;2011;Rolnei Souza;Vice- Presidente;Não
58.269.515/0001-71;2011;Laurindo Teixeira Tasso;1° Tesoureira;Não
58.269.515/0001-71;2011;Ricardo Felippe Maluf Filho;2° Tesoureira;Não
58.269.515/0001-71;2011;Danilo Busse Spironelli;1° Secretário;Não
58.269.515/0001-71;2011;José Cicero França da Silva;2° Secretário;Não
58.149.030/0001-44;2011;Douglas Pinheiro da Silva;2º Secretário;Sim
58.149.030/0001-44;2011;Maria Luiza Ramos;Conselho Fiscal;Não
58.149.030/0001-44;2011;Mariana Saibum;Diretora de Relações Públicas;Sim
58.149.030/0001-44;2011;Nair Diego Sansigolo;Diretora de Eventos;Não
58.149.030/0001-44;2011;Tânia Martha Calvoso;Conselho Deliberativo;Não
58.149.030/0001-44;2011;Roberto Mitsuo Hanada;1º TESOUREIRO;Não
58.149.030/0001-44;2011;Nelle Maria C. Rocha;Suplente;Não
58.149.030/0001-44;2011;Paulo Roberto Pinto;Suplente;Não
58.149.030/0001-44;2011;Jorgete Martins Chaves;Conselho Deliberativo;Não
58.149.030/0001-44;2011;Dra. Renata W. Sanches;Diretora Jurídica;Não
58.149.030/0001-44;2011;Mauro Candalaft Alcântara;Suplente;Não
58.149.030/0001-44;2011;João Nunes de Oliveira;Vice-Presidente;Não
58.149.030/0001-44;2011;João Matvichuc;Conselho Deliberativo;Não
58.149.030/0001-44;2011;Silvia Maria M.de Moraes;Conselho Fiscal;Não
58.149.030/0001-44;2011;Maria de Lourdes Bastos;1º Secretário;Não
58.149.030/0001-44;2011;Luis Carlos de Almeida;Conselho Deliberativo;Não
58.149.030/0001-44;2011;Edson Joaquim de Jesus Cambauva;Conselho Fiscal;Não
58.149.030/0001-44;2011;Luzia Teresa R. Rachid;Conselho Deliberativo;Sim
58.149.030/0001-44;2011;Janina Guerra Lumelino;Diretora de Voluntários;Não
58.149.030/0001-44;2011;Simone Oliveira Cavalcante;2º Tesoureiro;Sim
58.149.030/0001-44;2011;Ireni Souza de Oliveira;Diretora Pedagógica;Sim
58.149.030/0001-44;2011;Maria Ester Sertek;Diretora de Patrimônio;Não
58.149.030/0001-44;2011;Ricardo Sergio Sertek;Presidente;Não
58.191.008/0001-62;2006;ANTONIO BALDAN CASAL;VICE PRESIDENTE;Não
58.191.008/0001-62;2006;CLOTILDE PAUL;DIRETORA SECRETARIA;Não
58.219.551/0001-20;2008;Sergio Covello Aranha;Vice-Presidente;Não
58.219.551/0001-20;2008;Claudio Ferreira;1º Tesoureiro;Não
58.219.551/0001-20;2008;Claudio Luiz Neves;2º Tesoureiro;Sim
58.238.866/0001-15;2011;SHIRLEY LOPES;VICE PRESIDENTE;Não
58.238.866/0001-15;2011;POMPEU LOPES;PRIMEIRO DIRETOR FINANCEIRO;Não
58.238.866/0001-15;2011;VALDETE FELIX DA SILVA;SEGUNDO DIRETOR FINANCEIRO;Não
58.238.866/0001-15;2011;RITA DE CASSIA SIQUEIRA;SEGUNDA DIRETORA SECRETARIA;Não
58.238.866/0001-15;2011;MANUEL MARTINEZ VAZQUEZ;DIRETOR DE PATRIMONIO;Não
58.238.866/0001-15;2011;ANTONIO AUGUSTO BRANCO DE CORREA;DIRETOR SOCIAL;Não
58.238.866/0001-15;2011;MARCIA LAWANT ATIK;PRIMEIRA DIRETORA  SECRETARIA;Não
54.346.127/0001-96;2008;MARINA NASSUR GEBRIM DORIA;DIRETORA SECRETÁRIA;Não
54.346.127/0001-96;2008;CLÁUDIO PAULINO COSTA RODRIGUES;DIRETOR TESOUREIRO;Não
68.018.050/0001-30;2008;NILO ALVES ARAÚJO;DIRETOR FINANCEIRO;Não
68.018.050/0001-30;2008;ACÁCIO CHAGAS AMARAL;DIRETOR ADMINISTRATIVO;Não
68.018.050/0001-30;2008;JAIR DOS SANTOS;DIRETOR SECRETÁRIO;Não
64.042.740/0001-73;2011;Jose Paulino Gouveia;Vice Presidente;Não
64.042.740/0001-73;2011;Mario Rodrigues Peres Filho;1 Tesoureiro;Não
64.042.740/0001-73;2011;Maria Aparecida Beixiga de Souza;2. Tesoureira;Não
64.042.740/0001-73;2011;Solange de Souza Medeiros;Secretaria;Não
58.218.207/0001-17;2008;ROBERTO LUIZ BARROSO;VICE PRESIDENTE;Não
58.218.207/0001-17;2008;ANTONIO DE FREITAS FERREIRA;1º TESOUREIRO;Não
58.218.207/0001-17;2008;JOVENIANO  WALTER FURTADO CRUZ;2º TESOUREIRO;Não
58.218.207/0001-17;2008;WILMA ARLETE FISCHBACHER MONTEUX;1ª SECRETÁRIA;Não
58.218.207/0001-17;2008;ROBERTO LUIZ BARROSO FILHO;DIRETOR DE PATRIMÔNIO;Não
58.218.207/0001-17;2008;JOSÉ NARCISO FERNANDES INÁCIO;DIRETOR JURÍDICO;Não
58.218.207/0001-17;2008;HENRIQUE CAMILO DE LELLIS;DIRETOR SEM PASTA;Não
58.218.207/0001-17;2008;HORTÊNCIA MARTINEZ SOARES BENETTE;SECRETÁRIA;Não
66.505.017/0001-09;2008;LUIZA MARIA PEDREIRA LIMA FERREIRA;VICE PRESIDENTE;Não
66.505.017/0001-09;2008;VALERIA TARRAÇO HENRIQUE PAREGAS ALVARES;1 ª SECRETÁRIA;Não
66.505.017/0001-09;2008;IVANETE DOS SANTOS SERPA;2 ª SECRETÁRIA;Não
66.505.017/0001-09;2008;GLADIS MARIA ROSA HENRIQUES;1 ª TESOUREIRA;Não
66.505.017/0001-09;2008;MARINEIDE RUAS MORENO;2ª TESOUREIRA;Não
66.505.017/0001-09;2008;MARIA ANTONIA DOS SANTOS TOPP;DIRETOR SOCIAL;Não
66.505.017/0001-09;2008;VALDEREZ ALONSO;DIRETOR DE PATRIMONIO;Não
58.198.227/0001-73;2008;Jose silverio da silva;2° tesoureiro;Não
58.198.227/0001-73;2008;Mario Simões Lopes;Vice-Presidente;Não
58.198.227/0001-73;2008;Gil Pereira;2° tesoureiro;Não
58.198.227/0001-73;2008;Francisco  Nunes Cruz;1º Tesoureiro;Não
58.198.227/0001-73;2008;Alexandre de Matos Barbosa;2° secretário;Não
58.198.227/0001-73;2008;Ademar Basillio Panariello;Diretor de Patrimônio;Não
58.198.227/0001-73;2008;José Pereira Ramos;2° Diretor de patrimônio;Não
58.198.227/0001-73;2008;Francisco Anchieta Alves Barbosa;Diretor de Promoções;Não
58.198.227/0001-73;2008;Hugo Barbosa Filho;Diretor de Relações Públicas;Não
66.505.017/0001-09;2011;Ivanete dos Santos Serpa;Vice Presidente;Não
66.505.017/0001-09;2011;Maria Antônia dos Santos Topp;Segunda Secretaria;Não
66.505.017/0001-09;2011;Gladis Maria Rosa Henriques;Primeira Tesoureira;Não
66.505.017/0001-09;2011;Marineide Ruas Moreno;Segunda Tesoureira;Não
66.505.017/0001-09;2011;Vera Lucia Viana;Diretora Social;Não
66.505.017/0001-09;2011;Roberto Gonçalves Otero;Primeiro Secretario;Não
66.505.017/0001-09;2011;Valderes Alonso;Diretora de Patrimônio;Não
58.253.667/0001-86;2008;Ronald Nogueira;1º Secretário;Não
58.253.667/0001-86;2008;Antônio Fernando Pereira Mahtuk;2º Secretário;Não
58.253.667/0001-86;2008;Watson Uliana Travassos;Vice-Presidente;Não
58.253.667/0001-86;2008;José Roberto Raposo Medeiros Filho;1º Tesoureiro;Não
58.253.667/0001-86;2008;Braz Eduardo Vasconcellos;2º Tesoureiro;Não
58.253.667/0001-86;2008;José Luiz Faria;Diretor de Patrimônio;Não
58.250.267/0001-17;2008;CARLOS ALVES QUEIROZ;Presidente;Sim
58.250.267/0001-17;2008;ANTONIO ROBERTO PIMENTEL JOSÉ;VICE-PRESIDENTE;Sim
58.250.267/0001-17;2008;JOSÉ SERGIO FERNANDES DE MATTOS;TESOUREIRO;Não
58.250.267/0001-17;2008;JAIR OSWALDO GRASSI MAZZETTO;SECRETÁRIO;Sim
58.250.267/0001-17;2008;DIRCEU AGOSTINHO;DIRETOR DE RELAÇÕES PÚBLICAS;Não
58.250.267/0001-17;2008;LEOPOLDO CARDOSO ALMEIDA CUNHA;DIRETOR DE PATRIMÔNIO;Não
58.250.267/0001-17;2008;FERNANDO JOSÉ DA COSTA BURGOS;DIRETOR ADMINISTRATIVO;Não
58.250.267/0001-17;2008;MARCELO VALLEJO MARSAIOLI;DIRETOR JURÍDICO;Não
58.250.267/0001-17;2008;JOTA FRANCISCO CILLO FERREIRA;DIRETOR DE EDUCAÇÃO;Não
51.642.288/0001-39;2007;Érika Roberta da Silva Alves Corrêa;1ª Vice-presidente;Não
51.642.288/0001-39;2007;Maria José da Silva Moreira;2ª vice-presidente;Não
51.642.288/0001-39;2007;Rosangela P. M. Sant'Anna;1ª secretária;Não
51.642.288/0001-39;2007;Valéria Malheiro Silva;2ª tesoureira;Não
51.642.288/0001-39;2007;Selma Alves dos Santos Pereira;2ª Secretária;Não
51.642.288/0001-39;2007;Clemildes Fraga dos Santos;1ª tesoureira;Não
51.642.288/0001-39;2007;José Carlos Santos;Diretor de Patrimônio;Não
58.228.453/0001-50;2011;JOSINETE PAULINO DE MOTTA;VICE - PRESIDENTE;Não
58.228.453/0001-50;2011;MARISA LUCIO PEDRO;1DIR ADM FINANCEIRA;Não
58.228.453/0001-50;2011;VALERIA ESTEVES PEREIRA;2DIR ADM FINANCEIRA;Sim
58.228.453/0001-50;2011;MARIA LIDIA DA SILVA;1DIR ASS ASSISTENCIAIS;Não
58.228.453/0001-50;2011;CRISTIANE PALO;1º DIR SECRETARIA;Não
58.198.524/0001-19;2008;FELIX ALBERTO BALLERINI;VICE-PROVEDOR;Não
58.198.524/0001-19;2008;WILSON DE ALMEIDA FILHO;1º TESOUREIRO;Não
58.198.524/0001-19;2008;ALSINO DE SOUZA;2º TESOUREIRO;Não
58.198.524/0001-19;2008;SERGIO ARAÚJO;1º SECRETÁRIO;Não
58.198.524/0001-19;2008;ALTIVO FERREIRA;2º SECRETÁRIO;Não
58.198.524/0001-19;2008;MARCO ANTONIO CAMPANÁRIO;MORDOMO GERAL;Não
58.198.524/0001-19;2008;PAULO VAZ PACHECO DE CASTRO;PROCURADOR GERAL;Não
52.246.451/0001-07;2008;Natalino Gabriel do Prado Filho;Presidente do Conselho Deliberativo;Não
52.246.451/0001-07;2008;José Pinheiro dos Santos;Vice Presidente do Conselho Deliberativo;Não
52.246.451/0001-07;2008;Alberto Henrique Silveira Jaluks;1º Secretário do Conselho Deliberativo;Não
52.246.451/0001-07;2008;Roselaine de Toledo Piza Jaluks;2º Secretário do Conselho Deliberativo;Não
52.246.451/0001-07;2008;Marlene Lopes Duarte;Diretora Executiva;Sim
52.246.451/0001-07;2008;Rubens Andrade;Vice Diretor Executivo;Não
52.246.451/0001-07;2008;Célia Batista Melo;1ª Secretária Executiva;Não
52.246.451/0001-07;2008;Gilberto Luis de Souza;1º Tesoureiro Executivo;Não
52.246.451/0001-07;2008;Sandra Dias dos Santos;2ª Secretária Executiva;Não
52.246.451/0001-07;2008;Ricardo Rodrigues de Barros;2º Tesoureiro Executivo;Não
58.251.711/0001-19;2008;SÍLVIA ÂNGELA TEIXEIRA PENTEADO;DIRETORA-EXECUTIVA;Não
58.251.711/0001-19;2008;MARIA CECÍLIA PIRILO TEIXEIRA;DIRETORA-SUPERINTENDENTE;Não
58.251.711/0001-19;2008;NILZA MARIA PIRILO TEIXEIRA;DIRETORA-COORDENADORA GERAL;Não
58.251.711/0001-19;2008;MARCELO PIRILO TEIXEIRA;DIRETOR-ADMINISTRATIVO;Não
68.011.865/0001-97;2011;ANTONINO RUSSO JUNIOR;PRESIDENTE;Não
68.011.865/0001-97;2011;ANTONINO RUSSO;SUPLENTE DO CONSELHO FISCAL;Não
68.011.865/0001-97;2011;LEILA ARMANDO ELIAS RUSSO;VICE PRESIDENTE;Não
68.011.865/0001-97;2011;MARCOS ANSELMO FERREIRA FRANCO;SEGUNDO SECRETÁRIO;Não
68.011.865/0001-97;2011;IRANI AMORIM COSTA;SEGUNDO TESOUREIRO;Não
68.011.865/0001-97;2011;CAROLINA ELIAS RUSSO;CONSELHEIRO FISCAL;Não
68.011.865/0001-97;2011;CLARISSA ELIAS RUSSO MARQUES;PRIMEIRO TESOUREIRO;Não
68.011.865/0001-97;2011;ADELA RUSSO FRANCO;PRIMEIRO SECRETÁRIO;Não
68.011.865/0001-97;2011;CLARA ELIAS RUSSO BITENCOURT;CONSELHEIRO FISCAL;Não
68.011.865/0001-97;2011;ALEXANDRE VANNUCI BRUGGER;SUPLENTE DO CONSELHO FISCAL;Não
68.011.865/0001-97;2011;PETTERSON SOUZA BITENCOURT;SUPLENTE DO CONSELHO FISCAL;Não
68.011.865/0001-97;2011;LUCIANO PEDRÃO MARQUES;CONSELHEIRO FISCAL;Não
58.167.032/0001-66;2006;liamar gadelha pazos;vice presidente;Não
58.167.032/0001-66;2006;Elza Lourenço de camargo;secretária geral;Não
58.167.032/0001-66;2006;maria nazareth coelho;1ª secretária;Não
58.167.032/0001-66;2006;mauricy antônio da silva;tesoureiro geral;Não
58.167.032/0001-66;2006;antonio ventura;1º tesoureiro;Não
71.545.636/0001-67;2008;Hebert Santo de Lima;Secretario;Não
71.545.636/0001-67;2008;Mauricio Renan Castilhos;Presidente;Não
64.042.740/0001-73;2008;Jos? Paulino Gouveia;Vice Presidente;Não
64.042.740/0001-73;2008;Mario Rodrigues Peres Filho;1?. Tesoureiro;Não
64.042.740/0001-73;2008;Maria Aparecida Beixiga de Souza;2?. Tesoureira;Não
64.042.740/0001-73;2008;Solange de Souza Medeiros;Secretaria;Não
68.025.576/0001-47;2011;Victor Andrade Cesar;1º Tesoureiro;Não
68.025.576/0001-47;2011;Maria Nelly Fernadez da Silva Lourenzo;2º Tesoureira;Não
68.025.576/0001-47;2011;Paulo Marques dos Santos;1º Vice Presidente;Não
68.025.576/0001-47;2011;Gisele Medeiros Vallejo;Secretária;Não
66.505.017/0001-09;2007;ORLANDO MORENO;VICE PRESIDENTE;Não
66.505.017/0001-09;2007;LUIZA MARIA PEDREIRA LIMA;1 ª SECRETÁRIA;Não
66.505.017/0001-09;2007;VALÉRIA TARRAÇO HENRIQUE PAREGAS ALVARES;2 ª SECRETÁRIA;Não
66.505.017/0001-09;2007;GLADIS MARIA ROSA HENRIQUES;1 ª TESOUREIRA;Não
66.505.017/0001-09;2007;ODILIA DE JESUS;2ª TESOUREIRA;Não
66.505.017/0001-09;2007;ROSEMEIRE QUEIROZ YUNG;DIRETOR SOCIAL;Não
66.505.017/0001-09;2007;MARIA  ANTONIA  DOS SANTOS TOPP;DIRETOR DE PATRIMONIO;Não
58.250.267/0001-17;2011;CARLOS ALVES QUEIROZ;Presidente;Sim
58.250.267/0001-17;2011;ANTONIO ROBERTO PIMENTEL JOSÉ;VICE-PRESIDENTE;Sim
58.250.267/0001-17;2011;JOSÉ SERGIO FERNANDES DE MATTOS;TESOUREIRO;Não
58.250.267/0001-17;2011;ALBERTO CARNEIRO ESPÓSITO;SECRETÁRIO;Sim
58.250.267/0001-17;2011;DIRCEU AGOSTINHO;DIRETOR DE RELAÇÕES PÚBLICAS;Não
58.250.267/0001-17;2011;JAIR OSWALDO GRASSI MAZZETTO;DIRETOR DE PATRIMÔNIO;Sim
58.250.267/0001-17;2011;FERNANDO JOSÉ DA COSTA BURGOS;DIRETOR ADMINISTRATIVO;Não
58.250.267/0001-17;2011;MARCELO VALLEJO MARSAIOLI;DIRETOR JURÍDICO;Não
58.250.267/0001-17;2011;JOTA FRANCISCO CILLO FERREIRA;DIRETOR DE EDUCAÇÃO;Não
58.269.515/0001-71;2009;Sonia Maria Portela Maximo;Vice- Presidente;Não
58.269.515/0001-71;2009;Maria Perez Bartolo;1° Tesoureira;Não
58.269.515/0001-71;2009;Clery Cesira Longobardi;2° Tesoureira;Não
58.269.515/0001-71;2009;Marli Diniz Ferreira;1° Secretária;Não
58.269.515/0001-71;2009;Maria Mendonça Galvão de Souza;2° Secretária;Não
58.222.910/0001-07;2009;Marco Antonio de Alcântara;Vice-Presidente;Não
58.222.910/0001-07;2009;Aldemir Sousa Lobo;Tesoureiro;Não
58.222.910/0001-07;2009;Roseneide Fassina;Diretor Administrativo;Não
58.222.910/0001-07;2009;Marco Antonio Beletti;Diretor de Patrimônio;Não
55.674.980/0001-08;2009;João Carlos Pereira Ferrão;Diretor Vice-Presidente;Não
55.674.980/0001-08;2009;Carlos Souto Gomes;Diretor 1º  tesoureiro;Não
55.674.980/0001-08;2009;Margareth Aparecida Prata;Diretora de Patrimônio;Sim
55.674.980/0001-08;2009;Elisandra Lopes;Diretora segunda secretária;Não
55.674.980/0001-08;2009;Antonio Russo Filho;Diretor de petrimônio;Sim
55.674.980/0001-08;2009;Nelson Ribeiro Figueiredo;Diretor segundo tesoureiro;Não
58.219.551/0001-20;2009;Sergio Covello Aranha;Vice-Presidente;Não
58.219.551/0001-20;2009;Claudio Ferreira;1º Tesoureiro;Não
58.219.551/0001-20;2009;Claudio Luiz Neves;2º Tesoureiro;Sim
22.690.069/0001-27;2009;ELOIDE RODRIGUES SILVA;CONSELHO DELIBERATIVO;Não
22.690.069/0001-27;2009;TOMAS EDVARD RUNE SODERBERG;PRESIDENTE;Não
22.690.069/0001-27;2009;LUIZ FERNANDO DOS SANTOS MARTINS;CONSELHO DELIBERATIVO;Não
22.690.069/0001-27;2009;ELENICE DE OLIVEIRA LIBÓRIO MARTINS;CONSELHO DELIBERATIVO;Sim
22.690.069/0001-27;2009;LUCIA HELENA FIUZA MARIN TENÓRIO;DIRETORA EXECUTIVA;Não
22.690.069/0001-27;2009;ANA RITA FEHR SODERBERG;CONSELHO DELIBERATIVO;Não
22.690.069/0001-27;2009;ROLDÃO GOMES FILHO;CONSELHO DELIBERATIVO;Não
22.690.069/0001-27;2009;RENISE LA-CAVA VEIGA;CONSELHO DELIBERATIVO;Não
22.690.069/0001-27;2009;SORAYA BALLIO DE MATOS CELINO;CONSELHO DELIBERATIVO;Não
22.690.069/0001-27;2009;SILVIO VOJEVODOVAS;CONSELHO FISCAL;Não
22.690.069/0001-27;2009;ALAHERT CHIORO JUNIOR;CONSELHO FISCAL;Não
22.690.069/0001-27;2009;IRINEU VALDIR MILANEZ;CONSELHO FISCAL;Não
22.690.069/0001-27;2009;CARL AXEL RUNE SODERBERG;CONSELHO CONSULTIVO;Não
22.690.069/0001-27;2009;IVANETE SONIA DE OLIVEIRA;CONSELHO CONSULTIVO;Não
22.690.069/0001-27;2009;JOAO CARLOS BAPTISTA CAMPOS;CONSELHO CONSULTIVO;Não
22.690.069/0001-27;2009;PAULINO MOREIRA  DA SILVA VICENTE;CONSELHO CONSULTIVO;Não
22.690.069/0001-27;2009;MARIA HELENA MENDES DA SILVA TENENTE;CONSELHO FISCAL - SUPLENTE;Sim
22.690.069/0001-27;2009;FLAVIO LUIZ ALVAREZ CELINO;CONSELHO FISCAL - SUPLENTE;Não
58.207.572/0001-26;2009;Nelson Teixeira;Presidente;Não
58.207.572/0001-26;2009;Mauro César Dinato;1º Vice-Presidente;Sim
58.207.572/0001-26;2009;Hélio Agostinho;Diretor de Assuntos Jurídicos;Não
58.207.572/0001-26;2009;Paulo Vaz Pacheco de Castro;2º Diretor Secretário;Não
58.207.572/0001-26;2009;Arnaldo Joaquim;1º Diretor Financeiro;Não
58.207.572/0001-26;2009;Alberto Joaquim;2º Diretor Financeiro;Não
58.207.572/0001-26;2009;Edmundo Ribeiro de Mendonça Neto;1º Diretor Secretário;Não
58.191.008/0001-62;2009;ANTONIO BALDAN  CASAL;Vice Presidente;Não
58.191.008/0001-62;2009;CLOTILDE PAUL;Diretora Secretaria;Não
58.198.227/0001-73;2009;José Silverio da Silva;2° tesoureiro;Não
58.198.227/0001-73;2009;Mario Simões Lopes;Vice-Presidente;Não
58.198.227/0001-73;2009;Gil Pereira;1º  secretário;Não
58.198.227/0001-73;2009;Francisco  Nunes Cruz;1º Tesoureiro;Não
58.198.227/0001-73;2009;Alexandre de Matos Barbosa;2° secretário;Não
58.198.227/0001-73;2009;Ademar Basillio Panariello;Diretor de Patrimônio;Não
58.198.227/0001-73;2009;José Pereira Ramos;2° Diretor de patrimônio;Não
58.198.227/0001-73;2009;Francisco Anchieta Alves Barbosa;Diretor de Promoções;Não
58.198.227/0001-73;2009;Hugo Barbosa Filho;Diretor de Relações Públicas;Não
58.198.128/0001-91;2009;Rivaldo de Souza Moreno;1°  secretario;Não
58.198.128/0001-91;2009;Ricardo de Souza Moreno;2° secretário;Não
58.198.128/0001-91;2009;Sérgio Faria Duque;1° Tesoureiro;Não
58.198.128/0001-91;2009;Roseli Nogueira Moreno;2° Tesoureiro;Não
58.228.453/0001-50;2009;JOSINETE PAULINO DE MOTTA;VICE - PRESIDENTE;Não
58.228.453/0001-50;2009;MARISA LUCIO PEDRO;1DIR ADM FINANCEIRA;Não
58.228.453/0001-50;2009;VALERIA ESTEVES PEREIRA;2DIR ADM FINANCEIRA;Sim
58.228.453/0001-50;2009;MARIA LIDIA DA SILVA;1DIR ASS ASSISTENCIAIS;Não
58.228.453/0001-50;2009;CRISTIANE PALO;1º DIR SECRETARIA;Não
64.042.740/0001-73;2009;Jos? Paulino Gouveia;Vice Presidente;Não
64.042.740/0001-73;2009;Mario Rodrigues Peres Filho;1?. Tesoureiro;Não
64.042.740/0001-73;2009;Maria Aparecida Beixiga de Souza;2?. Tesoureira;Não
64.042.740/0001-73;2009;Solange de Souza Medeiros;Secretaria;Não
71.545.636/0001-67;2011;Hebert Santo de Lima;Vice Presidente;Não
71.545.636/0001-67;2011;Renata Simões Sá;Tesoureira Nacional;Não
71.545.636/0001-67;2011;Maria de Lourdes Braz Joaquim Velasques;Secretaria Nacional;Não
71.545.636/0001-67;2011;Helena Beatriz Xavier Lourenço;Presidente de Honra e Coordenador de Estados;Não
71.545.636/0001-67;2011;Edvania Félix do Carmo;Presidente;Não
46.798.492/0001-03;2009;Mauricio Nuunes Geraldo;Vice-Presidente;Não
46.798.492/0001-03;2009;Silvio Cezar dos Santos Alcâtara;1º Secretário;Não
46.798.492/0001-03;2009;Antonio Sergio Pereira;2º Secretário;Não
46.798.492/0001-03;2009;Edna Ferreira;1º Tesoureiro;Não
46.798.492/0001-03;2009;Geraldo Valter Eberle;2 º Tesoureiro;Não
58.250.267/0001-17;2009;CARLOS ALVES QUEIROZ;Presidente;Sim
58.250.267/0001-17;2009;ANTONIO ROBERTO PIMENTEL JOSÉ;VICE-PRESIDENTE;Sim
58.250.267/0001-17;2009;JOSÉ SERGIO FERNANDES DE MATTOS;TESOUREIRO;Não
58.250.267/0001-17;2009;JAIR OSWALDO GRASSI MAZZETTO;SECRETÁRIO;Sim
58.250.267/0001-17;2009;DIRCEU AGOSTINHO;DIRETOR DE RELAÇÕES PÚBLICAS;Não
58.250.267/0001-17;2009;LEOPOLDO CARDOSO ALMEIDA CUNHA;DIRETOR DE PATRIMÔNIO;Não
58.250.267/0001-17;2009;FERNANDO JOSÉ DA COSTA BURGOS;DIRETOR ADMINISTRATIVO;Não
58.250.267/0001-17;2009;MARCELO VALLEJO MARSAIOLI;DIRETOR JURÍDICO;Não
58.250.267/0001-17;2009;JOTA FRANCISCO CILLO FERREIRA;DIRETOR DE EDUCAÇÃO;Não
58.194.622/0001-88;2009;ADEMIR PESTANA;PRESIDENTE;Não
58.194.622/0001-88;2009;RENATO LUIZ RODRIGUES NOVAES;VICE-PRESIDENTE;Não
58.194.622/0001-88;2009;CARLOS ALBERTO LIMAS;DIRETOR FINANCEIRO;Não
58.198.524/0001-19;2009;FELIX ALBERTO BALLERINI;VICE-PROVEDOR;Não
58.198.524/0001-19;2009;WILSON DE ALMEIDA FILHO;1º TESOUREIRO;Não
58.198.524/0001-19;2009;ALSINO DE SOUZA;2º TESOUREIRO;Não
58.198.524/0001-19;2009;SERGIO ARAÚJO;1º SECRETÁRIO;Não
58.198.524/0001-19;2009;LUIZ FERNANDO NETTUZZI;2º SECRETÁRIO;Não
58.198.524/0001-19;2009;MARCO ANTONIO CAMPANÁRIO;MORDOMO GERAL;Não
58.198.524/0001-19;2009;PAULO VAZ PACHECO DE CASTRO;PROCURADOR GERAL;Não
58.222.878/0001-51;2009;ADREI ANTONIO DEGASPERI;PRIMEIRO TESOUREIRO;Não
58.222.878/0001-51;2009;FERNANDO CLAUDIO SOANE;ADMINISTRADOR;Não
58.222.878/0001-51;2009;JOSE CARLOS FERREIRA;2º TESOUREIRO;Não
58.222.878/0001-51;2009;NILSON GHIRALDELLI;DIRETOR PATRIMONIAL;Não
58.222.878/0001-51;2009;SILVIO RICARDO RODRIGUES;VICE PRESIDENTE;Não
58.222.878/0001-51;2009;HORILENE SILVA LOURENÇO;SECRETARIA;Não
58.252.602/0001-16;2009;Jose Luiz Negrinho;1º Vice Presidente;Não
58.252.602/0001-16;2009;Nadyr Cassiano;2º Vice Presidente;Não
58.252.602/0001-16;2009;Guilherme Ribeiro de Aguiar;Secretário Geral;Não
58.252.602/0001-16;2009;Claudia Maria da Silva de Freitas;2º Secretario;Não
58.252.602/0001-16;2009;Drausio Ladeira Silva;Tesoureiro Geral;Não
58.252.602/0001-16;2009;Edilson Mendonça de Brito;1º Tesoureiro;Não
58.252.602/0001-16;2009;Guilherme Henrique Rosa Martins;Diretor Cinetífico;Não
58.252.602/0001-16;2009;Katia Maria Ayres Parra;Diretora Cultural;Não
58.252.602/0001-16;2009;Orlando Viscardi Junior;Diretor Social;Não
58.252.602/0001-16;2009;Renato Henrique Bertoni;Diretor Esporte;Não
58.252.602/0001-16;2009;Maria Regina da Silva Amorim;Diretora Assistencial;Não
58.252.602/0001-16;2009;Wlademir Pataro de Castro;Diretor Patrimonial;Não
71.545.636/0001-67;2009;Hebert Santo de Lima;Secretario;Não
71.545.636/0001-67;2009;Mauricio Renan Castilhos;Presidente;Não
58.253.667/0001-86;2009;Ronald Nogueira;1º Secretário;Não
58.253.667/0001-86;2009;Antônio Fernando Pereira Mahtuk;2º Secretário;Não
58.253.667/0001-86;2009;Watson Uliana Travassos;Vice-Presidente;Não
58.253.667/0001-86;2009;Ricardo Mello;2º Tesoureiro;Não
58.253.667/0001-86;2009;Braz Eduardo Vasconcellos;1º Tesoureiro;Não
58.253.667/0001-86;2009;José Luiz Faria;Diretor de Patrimônio;Não
58.225.905/0001-40;2009;Cláudio Luiz Neves;Diretor 1º  Secretário;Não
58.225.905/0001-40;2009;Antônio José Pereira;Diretor 1º Tesoureiro;Não
58.225.905/0001-40;2009;Osvaldo Klein Maraucci Junior;Diretor Vice Presidente;Não
58.225.905/0001-40;2009;Fernando Antônio Mendes de Souza;Diretor 2º Secretário;Não
58.225.905/0001-40;2009;Sérgio Silvestre Martins;Diretor 2º Tesoureiro;Não
58.225.905/0001-40;2009;Wilson Rodrigues;Diretor de Patrimônio;Não
58.263.898/0001-70;2009;Cleuza Maria Alves;vice-presidente;Não
58.263.898/0001-70;2009;Geraldo Luíz Viana;1º. Secretário;Não
58.263.898/0001-70;2009;Nizan Lins de Moura;2º. Secretário;Não
58.263.898/0001-70;2009;Simone Cristina da Silva;1ª. tesoureira;Não
58.263.898/0001-70;2009;Neide Formiga de Almeida;2º. tesoureira;Não
58.263.898/0001-70;2009;Fernandes Tito;Conselheiro Fiscal;Não
58.263.898/0001-70;2009;Nilza Martins;Conselheiro Fiscal;Não
58.263.898/0001-70;2009;Silvana Helena Dalsin;Conselheiro Fiscal;Não
58.263.898/0001-70;2009;Elza Nogueira de Souza;Suplente de Conselho Fiscal;Não
58.263.898/0001-70;2009;José Carlos Simões;Suplente de Conselho Fiscal;Não
58.263.898/0001-70;2009;Marize Mendes Viana;Suplente de Conselho Fiscal;Não
58.222.910/0001-07;2009;Marco Antonio de Alcântara;Vice-Presidente;Não
58.222.910/0001-07;2009;Aldemir Sousa Lobo;Tesoureiro;Não
58.222.910/0001-07;2009;Roseneide Fassina;Diretor Administrativo;Não
58.222.910/0001-07;2009;Marco Antonio Beletti;Diretor de Patrimônio;Não
58.225.905/0001-40;2010;Cláudio Luiz Neves;Diretor 1º  Secretário;Não
58.225.905/0001-40;2010;Antônio José Pereira;Diretor 1º Tesoureiro;Não
58.225.905/0001-40;2010;Fernando Antônio Mendes de Souza;Diretor Vice Presidente;Não
58.225.905/0001-40;2010;José Eduardo Lima Martins;Diretor 2º Secretário;Não
58.225.905/0001-40;2010;Sérgio Silvestre Martins;Diretor 2º Tesoureiro;Não
58.225.905/0001-40;2010;Wilson Rodrigues;Diretor de Patrimônio;Não
58.218.215/0001-63;2010;CHARLES ARTUR SANTOS DE OLIVIERA;PRESIDENTE DO CONSELHO DIRETOR;Não
58.218.215/0001-63;2010;BENEDITO ROBERTO RIBEIRO;1º SECRETÁRIO DO CONSELHO DIRETOR;Não
58.218.215/0001-63;2010;DÉCIO PETRONE BARCOS;2º SECRETÁRIO DO CONSELHO DIRETOR;Não
58.218.215/0001-63;2010;JOÃO ROBERTO LAJA;2º FINANCEIRO DO CONSELHO DIRETOR;Não
58.218.215/0001-63;2010;RICARDO PEREIRA VIVA;DIRETOR JURÍDICO DO CONSELHO DIRETOR;Não
58.218.215/0001-63;2010;JOSÉ AUGUSTO BEZERRA;SOCIAL DO CONSELHO DIRETOR;Não
58.218.215/0001-63;2010;JOSÉ CARLOS FONSECA;Vice Presidente do Conselho Diretor;Não
58.218.215/0001-63;2010;ROBERTO DE OLIVEIRA SANTOS CLAUDIO;1º TESOUREIRO DO CONSELHO DIRETOR;Não
58.218.215/0001-63;2010;BIAGGIO AUGUSTO ALEARDO DE BONA;RELAÇÕES PUBLICAS DO CONSELHO DIRETOR;Não
58.218.215/0001-63;2010;JOSÉ LUIZ PIMENTEL AMORIM;PATRIMÕNIO DO CONSELHO DIRETOR;Não
58.198.128/0001-91;2010;Rivaldo de Souza Moreno;1°  secretario;Não
58.198.128/0001-91;2010;Ricardo de Souza Moreno;2° secretário;Não
58.198.128/0001-91;2010;Sérgio Faria Duque;1° Tesoureiro;Não
58.198.128/0001-91;2010;Roseli Nogueira Moreno;2° Tesoureiro;Não
58.413.451/0001-30;2010;MARIA CRISTINA DOS REIS;TESOUREIRA;Não
58.191.008/0001-62;2010;ANTONIO BALDAN  CASAL;Vice Presidente;Não
58.191.008/0001-62;2010;CLOTILDE PAUL;Diretora Secretaria;Não
58.167.032/0001-66;2010;Valéria Regis e Silva;presidente;Sim
58.167.032/0001-66;2010;liamar gadelha pazos;vice presidente;Não
58.167.032/0001-66;2010;Elza Lourenço de Camargo;1ª secretária;Não
58.167.032/0001-66;2010;maria nazareth coelho;1ª secretária;Não
58.167.032/0001-66;2010;sonia maria ribeiro de Jesus;tesoureiro geral;Sim
58.167.032/0001-66;2010;antonio ventura;1º tesoureiro;Não
58.219.551/0001-20;2010;Sergio Covello Aranha;Vice-Presidente;Não
58.219.551/0001-20;2010;Claudio Ferreira;1º Tesoureiro;Não
58.219.551/0001-20;2010;Claudio Luiz Neves;2º Tesoureiro;Sim
58.222.910/0001-07;2007;Marco Antonio de Alcântara;Vice-Presidente;Não
58.222.910/0001-07;2007;Marco de Antonio Beletti;Tesoureiro;Não
58.222.910/0001-07;2008;Marco Antonio de Alcântara;Vice-Presidente;Não
58.222.910/0001-07;2008;Marco de Antonio Beletti;Tesoureiro;Não
58.222.910/0001-07;2010;Marco Antonio de Alcantara;Vice-Presidente;Não
58.222.910/0001-07;2010;Aldemir Sousa Lobo;Tesoureiro;Não
58.222.910/0001-07;2010;Roseneide Fassina;Diretor Administrativo;Não
58.222.910/0001-07;2010;Marco Antonio Beletti;Diretor de Patrimônio;Não
51.642.288/0001-39;2011;Maria José da Silva Moreira;1ª vice-presidente;Não
51.642.288/0001-39;2011;Valéria Malheiro Silva;1ª tesoureira;Não
51.642.288/0001-39;2011;Selma Alves dos Santos Pereira;2ª Secretária;Não
51.642.288/0001-39;2011;Clemildes Fraga dos Santos;2ª tesoureira;Não
51.642.288/0001-39;2011;Emika Fukumoto;1ª. Secretária;Não
51.642.288/0001-39;2011;Eliane da Cruz Correa;2ª. Vice Presidente;Não
51.642.288/0001-39;2011;Elaine Cristina Pastori Mouraria de Almeida Proença;Diretora de Patrimônio;Não
55.674.782/0001-36;2010;Teresa Biancardi Mejias;Vice Presidente;Não
55.674.782/0001-36;2010;Manoel Rodrigues Guino;Diretor Jurídico;Não
55.674.782/0001-36;2010;Alzira Mello Ventura;Primeira Tesoureira;Sim
55.674.782/0001-36;2010;Marcela Justo de Carvalho;Segunda Tesoureira;Não
55.674.782/0001-36;2010;Jesonias José de Souza;Diretor de Patrimonio;Sim
55.674.782/0001-36;2010;Celsa Barbosa da Silva de Melo;Conselho Fiscal;Não
55.674.782/0001-36;2010;Cleonice Aragão de Jesus;Conselho Fiscal;Não
55.674.782/0001-36;2010;Rosevania Galdino da Silva;Conselho Deliberativo-Suplente;Não
55.674.782/0001-36;2010;Idália Freire de Santana;Conselho Deliberativo;Não
55.674.782/0001-36;2010;Giberto Pessôa;Conselho Deliberativo;Não
55.674.782/0001-36;2010;Manuel Amaro Rodrigues Moro;Conselho Deliberativo;Não
55.674.782/0001-36;2010;Anália Paregas Fernandes Pinto;Conselho Fiscal;Não
55.674.782/0001-36;2010;Bruna Justo de Carvalho;Primeira Secretária;Não
55.674.782/0001-36;2010;Tania Maria Martins de Mendonça;Conselho Fiscal- Suplentes;Não
55.674.782/0001-36;2010;Georgina Pereira Távora;Conselho Deliberativo;Não
55.674.782/0001-36;2010;Regina Assunção Pessôa;Conselho Deliberativo;Não
55.674.782/0001-36;2010;Nádia dos Santos;Segunda Secretária;Não
55.674.782/0001-36;2010;Denise Soares de Oliveira;Diretora Social;Não
55.674.782/0001-36;2010;Sonia Perrella;Conselho Fiscal-Suplente;Não
55.674.782/0001-36;2010;Katia Yoneko Toguchi;Conselho Deliberativo;Sim
55.674.782/0001-36;2010;Talita Afonso Chaves;Diretora Cultural;Sim
55.674.782/0001-36;2010;Siusete Rose Magalhães;Conselho Deliberativo;Não
55.674.782/0001-36;2010;Maria Zuleide Estevão Cardoso;Conselho Deliberativo;Não
55.674.782/0001-36;2010;Silvana Aguiar Costa;Conselho Deliberativo;Não
55.674.782/0001-36;2010;Maria Aparecida Alves da Silva;Conselho Deliberativo-Suplente;Não
55.674.782/0001-36;2010;Vera Lucia Rodrigues da Cruz;Conselho Fiscal-Suplente;Não
55.674.782/0001-36;2010;Marisa Nunes Neves;Conselho Fiscal-Suplente;Não
55.674.782/0001-36;2010;Maria Amélia Gonçalves Peres Lopes;Conselho Deliberativo-Suplente;Não
55.674.782/0001-36;2010;Áurea Salgado Barros;Conselho Deliberativo;Sim
64.042.740/0001-73;2010;Jos? Paulino Gouveia;Vice Presidente;Não
64.042.740/0001-73;2010;Mario Rodrigues Peres Filho;1?. Tesoureiro;Não
64.042.740/0001-73;2010;Maria Aparecida Beixiga de Souza;2?. Tesoureira;Não
64.042.740/0001-73;2010;Solange de Souza Medeiros;Secretaria;Não
58.251.711/0001-19;2010;SÍLVIA ÂNGELA TEIXEIRA PENTEADO;DIRETORA-EXECUTIVA;Não
58.251.711/0001-19;2010;MARIA CECÍLIA PIRILO TEIXEIRA;DIRETORA-SUPERINTENDENTE;Não
58.251.711/0001-19;2010;NILZA MARIA PIRILO TEIXEIRA;DIRETORA-COORDENADORA GERAL;Não
58.251.711/0001-19;2010;MARCELO PIRILO TEIXEIRA;DIRETOR-ADMINISTRATIVO;Não
58.250.267/0001-17;2010;CARLOS ALVES QUEIROZ;Presidente;Sim
58.250.267/0001-17;2010;ANTONIO ROBERTO PIMENTEL JOSÉ;VICE-PRESIDENTE;Sim
58.250.267/0001-17;2010;JOSÉ SERGIO FERNANDES DE MATTOS;TESOUREIRO;Não
58.250.267/0001-17;2010;ALBERTO CARNEIRO ESPÓSITO;SECRETÁRIO;Sim
58.250.267/0001-17;2010;DIRCEU AGOSTINHO;DIRETOR DE RELAÇÕES PÚBLICAS;Não
58.250.267/0001-17;2010;JAIR OSWALDO GRASSI MAZZETTO;DIRETOR DE PATRIMÔNIO;Sim
58.250.267/0001-17;2010;FERNANDO JOSÉ DA COSTA BURGOS;DIRETOR ADMINISTRATIVO;Não
58.250.267/0001-17;2010;MARCELO VALLEJO MARSAIOLI;DIRETOR JURÍDICO;Não
58.250.267/0001-17;2010;JOTA FRANCISCO CILLO FERREIRA;DIRETOR DE EDUCAÇÃO;Não
52.246.451/0001-07;2010;Carlos Antonio Rodrigues Carranza;Presidente do Conselho Deliberativo;Não
52.246.451/0001-07;2010;Natalino Gabriel do Prado Filho;Vice Presidente do Conselho Deliberativo;Não
52.246.451/0001-07;2010;Roselaine de Toledo Piza Jaliks;1ª Secretária do Conselho Deliberativo;Não
52.246.451/0001-07;2010;Alberto Henrique Silveira Jaluks;1º Secretário do Conselho Deliberativo;Não
52.246.451/0001-07;2010;Marlene Lopes Duarte;Diretora Executiva;Sim
52.246.451/0001-07;2010;Vera Lucia Garcez de Araujo;Vice Diretora Executiva;Não
52.246.451/0001-07;2010;Rosangela Teixeira Camino;1ª Secretária Executiva;Não
52.246.451/0001-07;2010;Geisa Miguel Araujo;1ª Tesoureira Executiva;Não
52.246.451/0001-07;2010;Elaine Felix;2ª Secretária Executiva;Não
52.246.451/0001-07;2010;Henrique Paulo Juliano;2º Tesoureiro Executivo;Não
58.269.515/0001-71;2010;Rolnei Souza;Vice- Presidente;Não
58.269.515/0001-71;2010;Laurindo Teixeira Tasso;1° Tesoureira;Não
58.269.515/0001-71;2010;Ricardo Felippe Maluf Filho;2° Tesoureira;Não
58.269.515/0001-71;2010;Danilo Busse Spironelli;1° Secretário;Não
58.269.515/0001-71;2010;José Cicero França da Silva;2° Secretário;Não
58.198.524/0001-19;2010;FELIX ALBERTO BALLERINI;VICE-PROVEDOR;Não
58.198.524/0001-19;2010;WILSON DE ALMEIDA FILHO;1º TESOUREIRO;Não
58.198.524/0001-19;2010;ALSINO DE SOUZA;2º TESOUREIRO;Não
58.198.524/0001-19;2010;SERGIO ARAÚJO;1º SECRETÁRIO;Não
58.198.524/0001-19;2010;LUIZ FERNANDO NETTUZZI;2º SECRETÁRIO;Não
58.198.524/0001-19;2010;MARCO ANTONIO CAMPANÁRIO;MORDOMO GERAL;Não
58.198.524/0001-19;2010;PAULO VAZ PACHECO DE CASTRO;PROCURADOR GERAL;Não
11.043.826/0001-54;2010;MÁRCIA RODRIGUES DA COSTA;VICE-PRESIDENTE;Não
11.043.826/0001-54;2010;DJALMA LUIZ DO NASCIMENTO;TESOUREIRO;Não
11.043.826/0001-54;2010;ERIKA PEREIRA SANTOS;ASSESSORA DE IMPRENSA;Não
51.642.288/0001-39;2010;Maria José da Silva Moreira;1ª vice-presidente;Não
51.642.288/0001-39;2010;Valéria Malheiro Silva;1ª tesoureira;Não
51.642.288/0001-39;2010;Selma Alves dos Santos Pereira;2ª Secretária;Não
51.642.288/0001-39;2010;Clemildes Fraga dos Santos;2ª tesoureira;Não
51.642.288/0001-39;2010;Emika Fukumoto;1ª. Secretária;Não
51.642.288/0001-39;2010;Eliane da Cruz Correa;2ª. Vice Presidente;Não
51.642.288/0001-39;2010;Elaine Cristina Pastori Mouraria de Almeida Proença;Diretora de Patrimônio;Não
11.043.826/0001-54;2011;MÁRCIA RODRIGUES DA COSTA;VICE-PRESIDENTE;Não
11.043.826/0001-54;2011;DJALMA LUIZ DO NASCIMENTO;TESOUREIRO;Não
11.043.826/0001-54;2011;ERIKA PEREIRA SANTOS;ASSESSORA DE IMPRENSA;Não
71.545.636/0001-67;2010;Hebert Santo de Lima;Presidente;Não
71.545.636/0001-67;2010;Fabio Gonçalves Ferreira;Vice Presidente;Não
71.545.636/0001-67;2010;Renata Simões Sá;Tesoureira Nacional;Não
71.545.636/0001-67;2010;Maria de Lourdes Braz Joaquim Velasques;Secretaria Nacional;Não
58.207.572/0001-26;2010;Nelson Teixeira;Presidente;Não
58.207.572/0001-26;2010;Mauro César Dinato;1º Vice-Presidente;Sim
58.207.572/0001-26;2010;Hélio Agostinho;Diretor de Assuntos Jurídicos;Não
58.207.572/0001-26;2010;Paulo Vaz Pacheco de Castro;2º Diretor Secretário;Não
58.207.572/0001-26;2010;Arnaldo Joaquim;1º Diretor Financeiro;Não
58.207.572/0001-26;2010;Alberto Joaquim;2º Diretor Financeiro;Não
58.207.572/0001-26;2010;Edmundo Ribeiro de Mendonça Neto;1º Diretor Secretário;Não
58.413.451/0001-30;2011;MARIA CRISTINA DOS REIS;TESOUREIRA;Não
58.167.032/0001-66;2007;Liamar Gadelha Pazos;vice presidente;Não
58.167.032/0001-66;2007;elza lourenço de camargo;secretária geral;Não
58.167.032/0001-66;2007;maria nazareth coelho;1ª secretária;Não
58.167.032/0001-66;2007;mauricy antonio da silva;tesoureiro geral;Não
58.167.032/0001-66;2007;antonio ventura;1º tesoureiro;Não
58.251.711/0001-19;2007;SÍLVIA ÂNGELA TEIXEIRA PENTEADO;DIRETORA-EXECUTIVA;Não
58.251.711/0001-19;2007;MARIA CECÍLIA PIRILO TEIXEIRA;DIRETORA-SUPERINTENDENTE;Não
58.251.711/0001-19;2007;NILZA MARIA PIRILO TEIXEIRA;DIRETORA-COORDENADORA GERAL;Não
58.251.711/0001-19;2007;MARCELO PIRILO TEIXEIRA;DIRETOR-ADMINISTRATIVO;Não
58.198.128/0001-91;2007;Rivaldo de Souza Moreno;1°  secretario;Não
58.198.128/0001-91;2007;Ricardo de Souza Moreno;2° secretário;Não
58.198.128/0001-91;2007;Sérgio Faria Duque;1° Tesoureiro;Não
58.198.128/0001-91;2007;Geraldo Fernandes  Sacom;2° Tesoureiro;Não
58.232.521/0001-54;2011;Amelia Irie;Diretora Vice-Presidente;Não
58.232.521/0001-54;2011;Suely Therezinha Gonçalves;Diretora Secretaria;Não
58.232.521/0001-54;2011;Ebe Maria Vieiro;Diretora Tesoureira;Não
58.198.128/0001-91;2011;Rivaldo de Souza Moreno;1°  secretario;Não
58.198.128/0001-91;2011;Ricardo de Souza Moreno;2° secretário;Não
58.198.128/0001-91;2011;Sérgio Faria Duque;1° Tesoureiro;Não
58.198.128/0001-91;2011;Roseli Nogueira Moreno;2° Tesoureiro;Não
58.198.227/0001-73;2011;José Silverio da Silva;2° tesoureiro;Não
58.198.227/0001-73;2011;Mario Simões Lopes;Vice-Presidente;Não
58.198.227/0001-73;2011;Gil Pereira Dias;1º  secretário;Não
58.198.227/0001-73;2011;Francisco  Nunes Cruz;1º Tesoureiro;Não
58.198.227/0001-73;2011;Alexandre de Matos Barbosa;2° secretário;Não
58.198.227/0001-73;2011;Ademar Brasilio Panarielo;Diretor de Patrimônio;Não
58.198.227/0001-73;2011;José Pereira Ramos;2° Diretor de patrimônio;Não
58.198.227/0001-73;2011;Francisco Anchieta Alves Barbosa;Diretor de Promoções;Não
58.198.227/0001-73;2011;Hugo Barbosa Filho;Diretor de Relações Públicas;Não
58.225.905/0001-40;2011;Cláudio Luiz Neves;Diretor 1º  Secretário;Não
58.225.905/0001-40;2011;Antônio José Pereira;Diretor 1º Tesoureiro;Não
58.225.905/0001-40;2011;Fernando Antônio Mendes de Souza;Diretor Vice Presidente;Não
58.225.905/0001-40;2011;José Eduardo Lima Martins;Diretor 2º Secretário;Não
58.225.905/0001-40;2011;Oswaldo Guerato;Diretor 2º Tesoureiro;Não
58.225.905/0001-40;2011;Wilson Rodrigues;Diretor de Patrimônio;Não
60.015.070/0001-45;2011;ROMEU BAPTISTÃO;PRESIDENTE;Não
60.015.070/0001-45;2011;VICENTE BONACHELA;VICE-PRESIDENTE;Não
60.015.070/0001-45;2011;CÉSAR IANNI;1º TESOUREIRO;Não
60.015.070/0001-45;2011;CONSTANTINO GONZALEZ ARES;2º TESOUREIRO;Não
60.015.070/0001-45;2011;ADHEMAR PAES COSME;1º SECRETÁRIO;Não
60.015.070/0001-45;2011;FERNANDO PIERRY BARREIROS;2º SECRETÁRIO;Não
60.015.070/0001-45;2011;PE. JAVIER MATEO ARANA;DIRETOR ESPIRITUAL;Não
58.222.878/0001-51;2011;ADREI ANTONIO DEGASPERI;1o. TESOUREIRO;Não
58.222.878/0001-51;2011;FERNANDO CLAUDIO SOANE;2o.TESOUREIRO;Não
58.222.878/0001-51;2011;JOSE CASSIO PREVEDEL;ADMINISTRADOR;Não
58.222.878/0001-51;2011;HILDA MENDES BONFIM;DIRETORA  PATRIMONIAL;Não
58.222.878/0001-51;2011;SILVIO RICARDO RODRIGUES;VICE PRESIDENTE;Não
58.222.878/0001-51;2011;NADIR ALVES ANASTACIO;SECRETARIA;Não
64.715.899/0001-01;2011;Noemia de Lourdes Felisberto de Souza;Conselheira Fiscal Efetiva;Não
64.715.899/0001-01;2011;Reginaldo Eloi Machado;Primeiro Tesoureiro;Não
64.715.899/0001-01;2011;Sonia Maria dos Santos;Conselho Fiscal Efetivo;Não
64.715.899/0001-01;2011;Ruth Maria Gomes Siqueira Queiroz;suplente conselho fiscal;Não
64.715.899/0001-01;2011;Joaquim   Alves Esteves  Filho;Conselho Deliberativo;Não
64.715.899/0001-01;2011;Everaldo Pieretti;Segundo Secretario;Não
64.715.899/0001-01;2011;Maria Luiza de Oliveira;Primeira Secretaria;Não
64.715.899/0001-01;2011;Magali Lima Marques;Segundo Tesoureiro;Não
64.715.899/0001-01;2011;Maxwell Filgueiras Rodrigues;Diretor de Patrimônio;Não
64.715.899/0001-01;2011;Oleni de Oliveira Lobo;Conselho Fiscal 1° Suplente;Não
64.715.899/0001-01;2011;Luis Alberto Góis Camacho;Conselho Fiscal 2° Suplente;Não
64.715.899/0001-01;2011;Marilde Vianna Rodrigues da Silva;Conselho Fiscal 3° Suplente;Não
64.715.899/0001-01;2011;Alexander Rodrigues de Almeida;Conselho Deliberativo;Não
64.715.899/0001-01;2011;Hermusenil Claudino de Oliveira Gonçalves;Conselheiro Deliberativo;Não
64.715.899/0001-01;2011;Ubiratan Gonçalves;Vice Presidente;Não
55.674.980/0001-08;2011;João Carlos Pereira Ferrão;Diretor Vice-Presidente;Não
55.674.980/0001-08;2011;Carlos Souto Gomes;Diretor 2º  tesoureiro;Não
55.674.980/0001-08;2011;Margareth Aparecida Prata;Diretora de Patrimônio;Sim
55.674.980/0001-08;2011;Elisandra Lopes;Diretora primeira secretária;Não
55.674.980/0001-08;2011;Josival Mota Rezende;Diretor Primeiro Tesoureiro;Não
55.674.980/0001-08;2011;Maria Izabel Prieto Rodrigues;Diretora  Segundo Secretária;Não
46.781.142/0001-34;2011;Wanda Nogueira Soares de Novaes;Vice-Presidente;Não
46.781.142/0001-34;2011;Elizete Nogueira Bersacola;1ª Secretaria;Não
46.781.142/0001-34;2011;Lino Fernandes;Tesoureiro;Não
58.218.207/0001-17;2011;ROBERTO LUIZ BARROSO;VICE PRESIDENTE;Não
58.218.207/0001-17;2011;ANTONIO DE FREITAS FERREIRA;1º TESOUREIRO;Não
58.218.207/0001-17;2011;WILMA ARLETE FISCHBACHER MONTEUX;1ª SECRETÁRIA;Não
58.218.207/0001-17;2011;JOSÉ NARCISO FERNANDES INÁCIO;DIRETOR JURÍDICO;Não
58.218.207/0001-17;2011;HENRIQUE CAMILO DE LELLIS;DIRETOR SEM PASTA;Não
58.218.207/0001-17;2011;SYLVIO FARIA DE PRIMO;2º TESOUREIRO;Não
58.218.207/0001-17;2011;THÉO CAMPOMAR N. BASKERVILLE MACCHI;2º SECRETÁRIO;Não
58.218.207/0001-17;2011;JOSÉ ALBERTO CARVALHO DOS SANTOS CLARO;DIRETOR DE PATRIMÔNIO;Não
58.218.207/0001-17;2011;TEREZINHA MARIA CALÇADA BASTOS;2º DIRETORA/PASTA;Não
58.207.572/0001-26;2011;Nelson Teixeira;Presidente;Não
58.207.572/0001-26;2011;Mauro César Dinato;1º Vice-Presidente;Sim
58.207.572/0001-26;2011;Hélio Agostinho;Diretor de Assuntos Jurídicos;Não
58.207.572/0001-26;2011;Arnaldo Joaquim;1º Diretor Financeiro;Não
58.207.572/0001-26;2011;Edmundo Ribeiro de Mendonça Neto;2º Vice-Presidente;Não
58.207.572/0001-26;2011;Beatriz Berenchtein;1º Diretor secretário;Não
58.207.572/0001-26;2011;Adriano Franco Mitidiero;2º Diretor Secretário;Não
58.207.572/0001-26;2011;Silvio da Rocha Soares Neto;2º Diretor Financeiro;Não
58.236.456/0001-35;2011;MARIA APARECIDA AMARAL ALBERTINI;PRESIDENTE;Sim
58.236.456/0001-35;2011;NEUSA RODRIGUES;VICE-PRESIDENTE;Não
58.236.456/0001-35;2011;JOSÉ ATALIBA SOBRINHO;TESOUREIRO;Sim
58.236.456/0001-35;2011;AIDA MARTINS DOS SANTOS;SECRETÁRIA;Não
58.218.215/0001-63;2011;CHARLES ARTUR SANTOS DE OLIVIERA;PRESIDENTE DO CONSELHO DIRETOR;Não
58.218.215/0001-63;2011;BENEDITO ROBERTO RIBEIRO;1º SECRETÁRIO DO CONSELHO DIRETOR;Não
58.218.215/0001-63;2011;DÉCIO PETRONE BARCOS;2º SECRETÁRIO DO CONSELHO DIRETOR;Não
58.218.215/0001-63;2011;JOÃO ROBERTO LAJA;2º FINANCEIRO DO CONSELHO DIRETOR;Não
58.218.215/0001-63;2011;RICARDO PEREIRA VIVA;DIRETOR JURÍDICO DO CONSELHO DIRETOR;Não
58.218.215/0001-63;2011;JOSÉ AUGUSTO BEZERRA;SOCIAL DO CONSELHO DIRETOR;Não
58.218.215/0001-63;2011;JOSÉ CARLOS FONSECA;Vice Presidente do Conselho Diretor;Não
58.218.215/0001-63;2011;ROBERTO DE OLIVEIRA SANTOS CLAUDIO;1º TESOUREIRO DO CONSELHO DIRETOR;Não
58.218.215/0001-63;2011;BIAGGIO AUGUSTO ALEARDO DE BONA;RELAÇÕES PUBLICAS DO CONSELHO DIRETOR;Não
58.218.215/0001-63;2011;JOSÉ LUIZ PIMENTEL AMORIM;PATRIMÕNIO DO CONSELHO DIRETOR;Não
58.222.910/0001-07;2011;Marco Antonio de Alcantara;Vice-Presidente;Não
58.222.910/0001-07;2011;Aldemir Sousa Lobo;Tesoureiro;Não
58.222.910/0001-07;2011;Roseneide Fassina;Diretor Administrativo;Não
58.222.910/0001-07;2011;Marco Antonio Beletti;Diretor de Patrimônio;Não
46.170.494/0001-53;2011;Maria Isabel Dipp;Vice presidente;Não
46.170.494/0001-53;2011;Arilene Nehne;Tesoureira;Não
46.170.494/0001-53;2011;Márcia Massako Toyama Aires;segunda tesoureira;Não
58.252.602/0001-16;2011;Jose Luiz Negrinho;1º Vice Presidente;Não
58.252.602/0001-16;2011;Nadyr Cassiano;2º Vice Presidente;Não
58.252.602/0001-16;2011;Guilherme Ribeiro de Aguiar;Secretário Geral;Não
58.252.602/0001-16;2011;Claudia Maria da Silva de Freitas;2º Secretario;Não
58.252.602/0001-16;2011;Drausio Ladeira Silva;Tesoureiro Geral;Não
58.252.602/0001-16;2011;Edilson Mendonça de Brito;1º Tesoureiro;Não
58.252.602/0001-16;2011;Guilherme Henrique Rosa Martins;Diretor Cinetífico;Não
58.252.602/0001-16;2011;Katia Maria Ayres Parra;Diretora Cultural;Não
58.252.602/0001-16;2011;Orlando Viscardi Junior;Diretor Social;Não
58.252.602/0001-16;2011;Renato Henrique Bertoni;Diretor Esporte;Não
58.252.602/0001-16;2011;Maria Regina da Silva Amorim;Diretora Assistencial;Não
58.252.602/0001-16;2011;Wlademir Pataro de Castro;Diretor Patrimonial;Não
58.224.692/0001-31;2011;AVELINO PEREIRA MORGADO FILHO;PRESIDENTE;Não
58.224.692/0001-31;2011;MARIA DE LOURDES DA SILVA AGOSTO;VICE PRESIDENTE;Não
58.224.692/0001-31;2011;LUIZ ALFREDO AUGUSTO;1º TESOUREIRO;Não
58.224.692/0001-31;2011;MAURICIO DA SILVA AGOSTO;2º TESOUREIRO;Não
58.224.692/0001-31;2011;ROSANE DA SILVA AGOSTO FERNANDES PIMENTA;2º SECRETARIO;Não
58.224.692/0001-31;2011;ELIANA SOARES;1º SECRETÁRIO;Não
68.018.050/0001-30;2011;NILO ALVES ARAÚJO;DIRETOR FINANCEIRO;Não
68.018.050/0001-30;2011;ACÁCIO CHAGAS AMARAL;DIRETOR ADMINISTRATIVO;Não
68.018.050/0001-30;2011;JOSÉ CARLOS DOS SANTOS;VICE PRESIDENTE;Não
68.018.050/0001-30;2011;JOSÉ ALMEIDA NUNES;PRIMEIRO DIRETOR SECRETARIO;Não
62.292.420/0001-46;2011;RICARDO PÉRSIO DE ANDRADE SILVA;DIRETOR JURÍDICO;Não
62.292.420/0001-46;2011;ROSELI CARO VARELLA;DIRETORA SOCIAL;Não
62.292.420/0001-46;2011;MARCO ANTÔNIO CARVALHO;SUPERINTENDENTE;Não
62.292.420/0001-46;2011;MARIA ZÉLIA BRITO DE SOUZA;TESOUREIRA;Não
62.292.420/0001-46;2011;ANTÔNIO EUSTÁQUIO DE ANDRADE;DIRETOR ADJUNTO;Não
55.674.782/0001-36;2011;Teresa Biancardi Mejias;Vice Presidente;Não
55.674.782/0001-36;2011;Manoel Rodrigues Guino;Diretor Jurídico;Não
55.674.782/0001-36;2011;Alzira Mello Ventura;Primeira Tesoureira;Sim
55.674.782/0001-36;2011;Marcela Justo de Carvalho;Segunda Tesoureira;Não
55.674.782/0001-36;2011;Jesonias José de Souza;Diretor de Patrimonio;Sim
55.674.782/0001-36;2011;Celsa Barbosa da Silva de Melo;Conselho Fiscal;Não
55.674.782/0001-36;2011;Cleonice Aragão de Jesus;Conselho Deliberativo;Não
55.674.782/0001-36;2011;Giberto Pessôa;Presidente do Conselho Deliberativo;Não
55.674.782/0001-36;2011;Manuel Amaro Rodrigues Moro;Vice Presidente do Conselho Deliberativo;Não
55.674.782/0001-36;2011;Anália Paregas Fernandes Pinto;Conselho Fiscal;Não
55.674.782/0001-36;2011;Bruna Justo de Carvalho;Primeira Secretária;Não
55.674.782/0001-36;2011;Georgina Pereira Távora;Conselho Deliberativo - Suplente;Não
55.674.782/0001-36;2011;Regina Maria Assunção Pessôa;Conselho Deliberativo - Secretária;Não
55.674.782/0001-36;2011;Nádia dos Santos;Segunda Secretária;Não
55.674.782/0001-36;2011;Denise Soares de Oliveira;Diretora Social;Não
55.674.782/0001-36;2011;Talita Afonso Chaves;Diretora Cultural;Sim
55.674.782/0001-36;2011;Siusete Rose Magalhães;Conselho Fiscal- Suplente;Não
55.674.782/0001-36;2011;Silvana Aguiar Costa;Conselho Fiscal;Não
55.674.782/0001-36;2011;Marisa Nunes Neves;Conselho Deliberativo - Suplente;Não
55.674.782/0001-36;2011;Maria Amélia Gonçalves Peres Lopes;Conselho Fiscal-Suplente;Não
55.674.782/0001-36;2011;Yuri Lee;Conselho Deliberativo;Não
55.674.782/0001-36;2011;Mara Adriana Monteiro;Conselho Deliberativo;Não
55.674.782/0001-36;2011;Elaine Aparecida Manoel;Conselho Deliberativo;Não
55.674.782/0001-36;2011;Sérgio Maestre de Aguiar;Conselho Deliberativo;Não
55.674.782/0001-36;2011;Roseli Cristina dos Santos;Conselho Deliberativo;Não
55.674.782/0001-36;2011;Andréa Aparecida Raimundo;Conselho Deliberativo - Suplente;Não
55.674.782/0001-36;2011;Wanda Gomes Robortella;Conselho Deliberativo- Suplente;Não
55.674.782/0001-36;2011;Arleide Maria de Lima;Conselho Deliberativo- Suplente;Não
55.674.782/0001-36;2011;Deise Cristina da Silva Santos;Conselho Fiscal - Suplente;Não
58.247.503/0001-46;2011;Pedro Antonio dos Santos;Vice Presidente Financeiro;Não
58.247.503/0001-46;2011;Diogo Henriques da Mata;Vice Presidente Patrimônio;Não
58.247.503/0001-46;2011;Marcelo Rodrigues dos Santos;Vice Presidente administrativo;Não
58.247.503/0001-46;2011;Alexandre Luiz de Souza;Vice Presidente Atuação;Não
58.253.667/0001-86;2011;JOÃO HENRIQUE DA SILVA;Presidente;Não
58.253.667/0001-86;2011;ANTONIO HENRIQUE MEDEIROS DUARTE;Vice-Presidente;Não
58.253.667/0001-86;2011;WATSON ULIANA TRAVASSOS;1º Secretário;Não
58.253.667/0001-86;2011;HEBER GUERREIRO VASCONCELOS;2º Secretário;Não
58.253.667/0001-86;2011;NELSON HIDALGO MOLERO;1º Tesoureiro;Não
58.253.667/0001-86;2011;BRAZ EDUARDO VASCONCELLOS;2º Tesoureiro;Não
58.253.667/0001-86;2011;ALEXANDRE ESPINDOLA;Diretor de Patrimônio;Não
71.550.222/0001-26;2011;Airton Rabelo de Souza;Presidente;Não
71.550.222/0001-26;2011;Mário dos Reis;Vice Presidente;Não
71.550.222/0001-26;2011;Wellington Porto Figueiredo Júnior;1º Secretario;Não
71.550.222/0001-26;2011;Marco Antônio Botelho de Souza;Vice Presidente;Não
62.292.073/0001-51;2011;Alair de Moraes Cunha;Secretária-adjunto;Não
62.292.073/0001-51;2011;Heloiza de Paiva Chiarello Passos;secretária;Não
62.292.073/0001-51;2011;Vagner Bartié;tesoureiro;Não
62.292.073/0001-51;2011;Margaret da Silva Pires;diretora de promoções sociais;Não
62.292.073/0001-51;2011;Helena Bejá Bartié;diretora de patrimônio;Não
62.292.073/0001-51;2011;Vera Cecília Rodrigues Monteiro Perez;suplente Conselho Fiscal;Não
62.292.073/0001-51;2011;Maria Terezina Fernandes;diretora científico-cultural;Não
62.292.073/0001-51;2011;Hortência Martinez Soares Benette;diretora jurídica;Não
62.292.073/0001-51;2011;Marinilza Laface Berkowitz;diretor contábil-financeiro;Não
62.292.073/0001-51;2011;Guiomar Buchalla;Comissão especial da presidência;Não
62.292.073/0001-51;2011;Henrique Berkowitz;conselheiro fiscal;Não
62.292.073/0001-51;2011;Fernando Francisco Moreira da Silva;diretor de promoções sociais adjunto;Não
62.292.073/0001-51;2011;Silvânia Costa Carregaro;tesoureira-adjunto / comissão especial da presidência;Não
62.292.073/0001-51;2011;Clarice Olivé Esteves;Conselheira Fiscal;Não
62.292.073/0001-51;2011;Gisela Chiarello Passos de Fázio;Suplente Conselho Fiscal;Não
62.292.073/0001-51;2011;Zuleica Elisa Simões Pereira;Diretora de comunicação;Não
62.292.073/0001-51;2011;Diva Alves Kodama;Conselheira Fiscal;Sim
62.292.073/0001-51;2011;Maria Helena de Paiva Chiarello Passos;Presidente;Não
62.292.073/0001-51;2011;Luis Carlos Fanton;suplente Conselho Fiscal;Não
62.292.073/0001-51;2011;Regina Chiarello de Souza Pinto;comissão especial da presidência;Não
58.251.711/0001-19;2011;SÍLVIA ÂNGELA TEIXEIRA PENTEADO;DIRETORA-EXECUTIVA;Não
58.251.711/0001-19;2011;MARIA CECÍLIA PIRILO TEIXEIRA;DIRETORA-SUPERINTENDENTE;Não
58.251.711/0001-19;2011;NILZA MARIA PIRILO TEIXEIRA;DIRETORA-COORDENADORA GERAL;Não
58.251.711/0001-19;2011;MARCELO PIRILO TEIXEIRA;DIRETOR-ADMINISTRATIVO;Não
52.246.451/0001-07;2011;Carlos Antonio Rodrigues Carranza;Presidente do Conselho Deliberativo;Não
52.246.451/0001-07;2011;Natalino Gabriel do Prado Filho;Vice Presidente do Conselho Deliberativo;Não
52.246.451/0001-07;2011;Roselaine de Toledo Piza Jaluks;1ª Secretária do Conselho Deliberativo;Não
52.246.451/0001-07;2011;Alberto Henrique Silveira Jaluks;2º Secretário do Conselho Deliberativo;Não
52.246.451/0001-07;2011;Marlene Lopes Duarte;Diretora Executiva;Sim
52.246.451/0001-07;2011;Vera Lucia Garcez de Araujo;Vice Diretora Executiva;Não
52.246.451/0001-07;2011;Rosangela Teixeira Camino;1ª Secretária Executiva;Não
52.246.451/0001-07;2011;Elaine Felix;2ª  Tesoureira Executiva;Não
52.246.451/0001-07;2011;Henrique Paulo Juliano;1º Tesoureiro Executivo;Não
52.246.451/0001-07;2011;Lucilene Maria Pinheiro;Segunda Secretária Executiva;Não
52.246.451/0001-07;2011;Maria de Deus Rodrigues Ganança;Comissão Fiscal - relator;Sim
52.246.451/0001-07;2011;Marcia Maria Pinto;Comissão Fiscal - Membro;Não
52.246.451/0001-07;2011;Giselda Jardim de Britto Biasoli;Comissão Fiscal - Membro;Não
52.246.451/0001-07;2011;Teresa Maria Teixeira Petito da Silva;Comissão Fiscal - 1ª Suplente;Não
52.246.451/0001-07;2011;Leônidas Carvalho Aragão;Comissão Fiscal - 2º Suplente;Sim
52.246.451/0001-07;2011;Lucas Leite Cunha;Conselho Deliberativo - Suplente;Não
58.219.551/0001-20;2011;Luiz Fernando Leite Passos;Vice - Presidente;Não
58.219.551/0001-20;2011;Mario Rodrigues;Primeiro Secretário;Não
58.219.551/0001-20;2011;Odil Porto Júnior;Segundo Secretário;Não
58.219.551/0001-20;2011;Graciliano Pinheiro Filho;Primeiro Tesoureiro;Não
58.219.551/0001-20;2011;Antonio Maria Fernandes Martinez;Segundo Tesoureiro;Não
58.219.551/0001-20;2011;Percival Vicente;Diretor de Patrimônio;Não
58.230.293/0001-83;2011;WILSON SILVEIRA DE ARAÚJO;PRESIDENTE;Não
58.230.293/0001-83;2011;OLIVÉRIO ROCHA C. FILHO;VICE-PRESIDENTE;Não
58.230.293/0001-83;2011;SONIA MARIA DE S. GABRIEL;1ª SECRETÁRIA;Sim
58.230.293/0001-83;2011;CREUZA SEVERINO JULIÃO;2ª SECRETARIA;Não
58.230.293/0001-83;2011;RUI RECHE BARBOSA;1º TESOUREIRO;Não
58.230.293/0001-83;2011;FRANCISCO LOPES FILHO;2º TESOUREIRO;Não
58.198.524/0001-19;2011;FELIX ALBERTO BALLERINI;VICE-PROVEDOR;Não
58.198.524/0001-19;2011;WILSON DE ALMEIDA FILHO;1º TESOUREIRO;Não
58.198.524/0001-19;2011;CARLOS ALVES QUEIROZ;2º TESOUREIRO;Sim
58.198.524/0001-19;2011;SERGIO ARAÚJO;1º SECRETÁRIO;Não
58.198.524/0001-19;2011;LUIZ FERNANDO NETTUZZI;2º SECRETÁRIO;Não
58.198.524/0001-19;2011;MARCO ANTONIO CAMPANÁRIO;MORDOMO GERAL;Não
58.198.524/0001-19;2011;PAULO VAZ PACHECO DE CASTRO;PROCURADOR GERAL;Não
10.227.433/0001-38;2011;CARLOS AMERICO ERREIRA CORTEZ;DIRETOR PRESIDENTE;Não
15.321.633/0001-79;2012;LIANE UECHI MARTINS SANCHES;VICE PRESIDENTE;Não
15.321.633/0001-79;2012;ALBERTO UECHI MARTINS;TESOUREIRO;Não
15.321.633/0001-79;2012;WLADIMIR DOS SANTOS MATTOS;PRESIDENTE;Não
58.263.898/0001-70;2011;Geraldo Luíz Viana;1º. Secretário;Não
58.263.898/0001-70;2011;Simone Cristina da Silva;Vice-Presidente;Não
58.263.898/0001-70;2011;Neide Formiga de Almeida;1º. tesoureira;Não
58.263.898/0001-70;2011;Fernandes Tito;Conselheiro Fiscal;Não
58.263.898/0001-70;2011;Nilza Martins;Conselheiro Fiscal;Não
58.263.898/0001-70;2011;Silvana Helena Dalsin;Conselheiro Fiscal;Não
58.263.898/0001-70;2011;Elza Nogueira de Souza;Suplente de Conselho Fiscal;Não
58.263.898/0001-70;2011;José Carlos Simões;2º Tesoureiro;Não
58.263.898/0001-70;2011;Marize Mendes Viana;Suplente de Conselho Fiscal;Não
58.263.898/0001-70;2011;Lilian Cristina de Souza;Suplente do Conselho Fiscal;Não
