cnpj;ano;url_principal;propria_servico;propria_doacao_mensalidade;privada_doacao_parceria;privada_doacao_even;publica_parceria;internacional_privada;internacional_publica
58.238.866/0001-15;2007;http://portal.mj.gov.br/CNEsPublico/relatorioCNEs/20569/RelatorioCircunstanciado.html;8,00%;11,00%;2,00%;%;79,00%;%;%
60.015.070/0001-45;2012;http://portal.mj.gov.br/CNEsPublico/relatorioCNEs/119076/RelatorioCircunstanciado.html;0,00%;21,00%;0,00%;13,00%;66,00%;0,00%;0,00%
58.258.633/0001-84;2012;http://portal.mj.gov.br/CNEsPublico/relatorioCNEs/119844/RelatorioCircunstanciado.html;0,00%;59,09%;0,93%;0,00%;39,98%;0,00%;0,00%
58.207.572/0001-26;2012;http://portal.mj.gov.br/CNEsPublico/relatorioCNEs/121414/RelatorioCircunstanciado.html;97,13%;%;%;%;2,87%;%;%
58.224.692/0001-31;2012;http://portal.mj.gov.br/CNEsPublico/relatorioCNEs/121549/RelatorioCircunstanciado.html;0,00%;19,84%;0,00%;6,96%;73,20%;0,00%;0,00%
58.222.910/0001-07;2012;http://portal.mj.gov.br/CNEsPublico/relatorioCNEs/122015/RelatorioCircunstanciado.html;%;52,42%;0,07%;0,00%;47,51%;0,00%;%
71.550.222/0001-26;2012;http://portal.mj.gov.br/CNEsPublico/relatorioCNEs/122826/RelatorioCircunstanciado.html;%;%;%;%;%;%;%
58.191.008/0001-62;2012;http://portal.mj.gov.br/CNEsPublico/relatorioCNEs/123704/RelatorioCircunstanciado.html;99,98%;%;0,01%;%;0,01%;%;%
58.250.267/0001-17;2012;http://portal.mj.gov.br/CNEsPublico/relatorioCNEs/123872/RelatorioCircunstanciado.html;33,55%;7,46%;0,00%;9,40%;49,59%;0,00%;%
71.554.695/0001-00;2012;http://portal.mj.gov.br/CNEsPublico/relatorioCNEs/123909/RelatorioCircunstanciado.html;%;%;%;0,01%;99,99%;%;%
52.256.054/0001-16;2006;http://portal.mj.gov.br/CNEsPublico/relatorioCNEs/6973/RelatorioCircunstanciado.html;44,00%;%;%;56,00%;%;%;%
58.269.515/0001-71;2012;http://portal.mj.gov.br/CNEsPublico/relatorioCNEs/124282/RelatorioCircunstanciado.html;3,40%;3,40%;7,00%;1,20%;85,00%;0,00%;0,00%
68.018.050/0001-30;2012;http://portal.mj.gov.br/CNEsPublico/relatorioCNEs/124499/RelatorioCircunstanciado.html;23,77%;0,00%;0,00%;0,00%;76,23%;0,00%;%
58.218.215/0001-63;2012;http://portal.mj.gov.br/CNEsPublico/relatorioCNEs/125471/RelatorioCircunstanciado.html;38,27%;1,26%;0,00%;2,75%;57,72%;0,00%;0,00%
58.198.524/0001-19;2012;http://portal.mj.gov.br/CNEsPublico/relatorioCNEs/126346/RelatorioCircunstanciado.html;97,76%;%;%;1,04%;1,20%;%;%
58.238.866/0001-15;2012;http://portal.mj.gov.br/CNEsPublico/relatorioCNEs/126655/RelatorioCircunstanciado.html;14,00%;5,00%;1,00%;1,00%;79,00%;0,00%;0,00%
58.247.503/0001-46;2012;http://portal.mj.gov.br/CNEsPublico/relatorioCNEs/126790/RelatorioCircunstanciado.html;25,30%;0,36%;1,12%;2,10%;71,12%;0,00%;0,00%
46.170.494/0001-53;2012;http://portal.mj.gov.br/CNEsPublico/relatorioCNEs/127124/RelatorioCircunstanciado.html;0,00%;18,81%;%;0,00%;81,19%;0,00%;%
64.042.740/0001-73;2012;http://portal.mj.gov.br/CNEsPublico/relatorioCNEs/127596/RelatorioCircunstanciado.html;0,00%;0,00%;0,00%;%;0,00%;%;0,00%
55.674.782/0001-36;2007;http://portal.mj.gov.br/CNEsPublico/relatorioCNEs/21840/RelatorioCircunstanciado.html;0,00%;23,93%;%;2,63%;73,44%;%;%
55.674.782/0001-36;2012;http://portal.mj.gov.br/CNEsPublico/relatorioCNEs/127976/RelatorioCircunstanciado.html;0,00%;14,57%;%;2,01%;83,42%;0,00%;%
58.198.524/0001-19;2007;http://portal.mj.gov.br/CNEsPublico/relatorioCNEs/9907/RelatorioCircunstanciado.html;98,50%;%;0,90%;%;0,60%;%;%
64.715.899/0001-01;2012;http://portal.mj.gov.br/CNEsPublico/relatorioCNEs/128627/RelatorioCircunstanciado.html;%;%;20,00%;20,00%;60,00%;0,00%;%
52.246.451/0001-07;2007;http://portal.mj.gov.br/CNEsPublico/relatorioCNEs/7815/RelatorioCircunstanciado.html;88,00%;11,00%;0,00%;0,00%;1,00%;0,00%;%
68.025.576/0001-47;2012;http://portal.mj.gov.br/CNEsPublico/relatorioCNEs/129552/RelatorioCircunstanciado.html;4,10%;3,70%;14,00%;0,50%;77,70%;0,00%;%
58.251.711/0001-19;2012;http://portal.mj.gov.br/CNEsPublico/relatorioCNEs/129795/RelatorioCircunstanciado.html;100,00%;%;%;%;%;%;%
10.227.433/0001-38;2012;http://portal.mj.gov.br/CNEsPublico/relatorioCNEs/131441/RelatorioCircunstanciado.html;5,00%;%;95,00%;0,00%;0,00%;%;%
66.505.017/0001-09;2012;http://portal.mj.gov.br/CNEsPublico/relatorioCNEs/132527/RelatorioCircunstanciado.html;%;28,59%;0,00%;6,48%;64,93%;0,00%;0,00%
11.043.826/0001-54;2012;http://portal.mj.gov.br/CNEsPublico/relatorioCNEs/132846/RelatorioCircunstanciado.html;0,00%;28,78%;0,00%;%;71,22%;%;%
55.674.030/0001-75;2012;http://portal.mj.gov.br/CNEsPublico/relatorioCNEs/133194/RelatorioCircunstanciado.html;%;100,00%;%;0,00%;%;%;%
15.321.633/0001-79;2012;http://portal.mj.gov.br/CNEsPublico/relatorioCNEs/133285/RelatorioCircunstanciado.html;%;%;%;100,00%;0,00%;%;%
60.015.070/0001-45;2007;http://portal.mj.gov.br/CNEsPublico/relatorioCNEs/8534/RelatorioCircunstanciado.html;%;19,50%;0,00%;12,50%;68,00%;%;%
58.207.572/0001-26;2007;http://portal.mj.gov.br/CNEsPublico/relatorioCNEs/8618/RelatorioCircunstanciado.html;100,00%;%;%;%;%;%;%
64.042.740/0001-73;2007;http://portal.mj.gov.br/CNEsPublico/relatorioCNEs/8775/RelatorioCircunstanciado.html;0,00%;0,00%;0,00%;%;0,00%;%;0,00%
52.246.451/0001-07;2012;http://portal.mj.gov.br/CNEsPublico/relatorioCNEs/133706/RelatorioCircunstanciado.html;55,00%;10,00%;0,00%;15,00%;20,00%;0,00%;0,00%
51.642.288/0001-39;2012;http://portal.mj.gov.br/CNEsPublico/relatorioCNEs/134008/RelatorioCircunstanciado.html;0,00%;20,00%;0,00%;%;80,00%;%;0,00%
15.699.589/0001-35;2012;http://portal.mj.gov.br/CNEsPublico/relatorioCNEs/134501/RelatorioCircunstanciado.html;0,00%;100,00%;%;%;%;%;%
58.269.515/0001-71;2007;http://portal.mj.gov.br/CNEsPublico/relatorioCNEs/9434/RelatorioCircunstanciado.html;3,34%;1,05%;3,50%;13,20%;78,91%;%;0,00%
58.257.023/0001-66;2007;http://portal.mj.gov.br/CNEsPublico/relatorioCNEs/22008/RelatorioCircunstanciado.html;12,00%;8,00%;1,00%;1,00%;78,00%;0,00%;%
58.207.572/0001-26;2013;http://portal.mj.gov.br/CNEsPublico/relatorioCNEs/138176/RelatorioCircunstanciado.html;96,99%;%;%;%;3,01%;%;%
58.194.622/0001-88;2013;http://portal.mj.gov.br/CNEsPublico/relatorioCNEs/139886/RelatorioCircunstanciado.html;62,21%;29,30%;%;%;8,49%;0,00%;%
64.715.899/0001-01;2013;http://portal.mj.gov.br/CNEsPublico/relatorioCNEs/139890/RelatorioCircunstanciado.html;%;5,00%;15,00%;20,00%;60,00%;0,00%;%
58.198.227/0001-73;2007;http://portal.mj.gov.br/CNEsPublico/relatorioCNEs/10599/RelatorioCircunstanciado.html;28,78%;0,48%;23,36%;6,62%;40,76%;0,00%;0,00%
58.224.692/0001-31;2013;http://portal.mj.gov.br/CNEsPublico/relatorioCNEs/140628/RelatorioCircunstanciado.html;0,00%;21,90%;0,00%;0,00%;78,10%;0,00%;0,00%
58.250.267/0001-17;2013;http://portal.mj.gov.br/CNEsPublico/relatorioCNEs/141547/RelatorioCircunstanciado.html;31,85%;16,54%;0,00%;4,42%;47,19%;0,00%;0,00%
58.191.008/0001-62;2013;http://portal.mj.gov.br/CNEsPublico/relatorioCNEs/141824/RelatorioCircunstanciado.html;99,98%;%;0,01%;%;0,01%;%;%
58.222.910/0001-07;2013;http://portal.mj.gov.br/CNEsPublico/relatorioCNEs/142365/RelatorioCircunstanciado.html;%;52,42%;0,07%;0,00%;47,51%;0,00%;%
52.246.451/0001-07;2013;http://portal.mj.gov.br/CNEsPublico/relatorioCNEs/143697/RelatorioCircunstanciado.html;53,00%;13,00%;0,00%;18,00%;16,00%;0,00%;0,00%
58.269.515/0001-71;2013;http://portal.mj.gov.br/CNEsPublico/relatorioCNEs/144523/RelatorioCircunstanciado.html;0,00%;0,90%;8,30%;15,02%;75,78%;0,00%;0,00%
58.259.433/0001-46;2013;http://portal.mj.gov.br/CNEsPublico/relatorioCNEs/147618/RelatorioCircunstanciado.html;25,00%;15,00%;20,00%;0,00%;40,00%;%;0,00%
71.554.695/0001-00;2013;http://portal.mj.gov.br/CNEsPublico/relatorioCNEs/148210/RelatorioCircunstanciado.html;%;%;%;0,01%;99,99%;%;%
11.043.826/0001-54;2013;http://portal.mj.gov.br/CNEsPublico/relatorioCNEs/149301/RelatorioCircunstanciado.html;0,00%;30,00%;0,00%;%;70,00%;%;%
71.545.636/0001-67;2013;http://portal.mj.gov.br/CNEsPublico/relatorioCNEs/150029/RelatorioCircunstanciado.html;14,51%;0,21%;0,00%;0,00%;85,28%;0,00%;0,00%
10.227.433/0001-38;2013;http://portal.mj.gov.br/CNEsPublico/relatorioCNEs/150215/RelatorioCircunstanciado.html;10,00%;%;90,00%;0,00%;0,00%;%;%
11.061.995/0001-17;2013;http://portal.mj.gov.br/CNEsPublico/relatorioCNEs/151029/RelatorioCircunstanciado.html;%;%;80,00%;20,00%;0,00%;%;%
51.642.288/0001-39;2013;http://portal.mj.gov.br/CNEsPublico/relatorioCNEs/151700/RelatorioCircunstanciado.html;0,00%;20,00%;0,00%;%;80,00%;%;0,00%
58.225.905/0001-40;2014;http://portal.mj.gov.br/CNEsPublico/relatorioCNEs/155151/RelatorioCircunstanciado.html;45,89%;30,46%;%;%;23,65%;%;%
58.258.633/0001-84;2011;http://portal.mj.gov.br/CNEsPublico/relatorioCNEs/108533/RelatorioCircunstanciado.html;0,00%;63,00%;2,00%;0,00%;35,00%;0,00%;0,00%
58.207.572/0001-26;2014;http://portal.mj.gov.br/CNEsPublico/relatorioCNEs/156548/RelatorioCircunstanciado.html;97,00%;%;%;%;3,00%;%;%
58.191.008/0001-62;2014;http://portal.mj.gov.br/CNEsPublico/relatorioCNEs/159494/RelatorioCircunstanciado.html;99,98%;%;0,01%;%;0,01%;%;%
58.251.711/0001-19;2014;http://portal.mj.gov.br/CNEsPublico/relatorioCNEs/162991/RelatorioCircunstanciado.html;100,00%;%;%;%;%;%;%
58.250.267/0001-17;2014;http://portal.mj.gov.br/CNEsPublico/relatorioCNEs/164189/RelatorioCircunstanciado.html;30,78%;12,97%;0,00%;5,30%;50,95%;0,00%;0,00%
15.699.589/0001-35;2014;http://portal.mj.gov.br/CNEsPublico/relatorioCNEs/167017/RelatorioCircunstanciado.html;%;95,00%;5,00%;%;%;%;%
58.230.293/0001-83;2007;http://portal.mj.gov.br/CNEsPublico/relatorioCNEs/25830/RelatorioCircunstanciado.html;%;5,90%;0,31%;13,24%;80,55%;0,00%;0,00%
58.218.207/0001-17;2007;http://portal.mj.gov.br/CNEsPublico/relatorioCNEs/25852/RelatorioCircunstanciado.html;21,69%;58,59%;%;4,61%;15,11%;0,00%;%
58.194.622/0001-88;2008;http://portal.mj.gov.br/CNEsPublico/relatorioCNEs/26387/RelatorioCircunstanciado.html;99,98%;0,01%;0,00%;0,00%;0,01%;%;0,00%
58.225.905/0001-40;2008;http://portal.mj.gov.br/CNEsPublico/relatorioCNEs/26785/RelatorioCircunstanciado.html;45,70%;24,54%;%;%;29,76%;%;%
64.715.899/0001-01;2008;http://portal.mj.gov.br/CNEsPublico/relatorioCNEs/27268/RelatorioCircunstanciado.html;%;%;25,67%;2,28%;72,05%;0,00%;%
58.191.008/0001-62;2008;http://portal.mj.gov.br/CNEsPublico/relatorioCNEs/27353/RelatorioCircunstanciado.html;99,00%;%;1,00%;%;%;%;%
58.198.128/0001-91;2008;http://portal.mj.gov.br/CNEsPublico/relatorioCNEs/27427/RelatorioCircunstanciado.html;2,44%;1,69%;1,75%;5,47%;88,65%;%;0,00%
71.545.636/0001-67;2007;http://portal.mj.gov.br/CNEsPublico/relatorioCNEs/27623/RelatorioCircunstanciado.html;0,00%;9,60%;61,90%;11,20%;17,30%;0,00%;0,00%
58.269.515/0001-71;2008;http://portal.mj.gov.br/CNEsPublico/relatorioCNEs/27680/RelatorioCircunstanciado.html;4,54%;0,77%;1,43%;7,31%;85,95%;%;0,00%
71.545.636/0001-67;2006;http://portal.mj.gov.br/CNEsPublico/relatorioCNEs/27960/RelatorioCircunstanciado.html;%;9,60%;61,90%;11,20%;17,30%;%;%
58.207.572/0001-26;2008;http://portal.mj.gov.br/CNEsPublico/relatorioCNEs/28195/RelatorioCircunstanciado.html;100,00%;%;%;%;%;%;%
58.269.515/0001-71;2011;http://portal.mj.gov.br/CNEsPublico/relatorioCNEs/109750/RelatorioCircunstanciado.html;3,40%;3,40%;7,00%;1,20%;85,00%;0,00%;0,00%
58.149.030/0001-44;2011;http://portal.mj.gov.br/CNEsPublico/relatorioCNEs/109788/RelatorioCircunstanciado.html;20,00%;60,00%;%;20,00%;%;%;%
58.191.008/0001-62;2006;http://portal.mj.gov.br/CNEsPublico/relatorioCNEs/11076/RelatorioCircunstanciado.html;99,00%;%;1,00%;%;%;%;%
58.219.551/0001-20;2008;http://portal.mj.gov.br/CNEsPublico/relatorioCNEs/28876/RelatorioCircunstanciado.html;0,00%;48,75%;0,00%;38,45%;12,80%;0,00%;0,00%
58.238.866/0001-15;2011;http://portal.mj.gov.br/CNEsPublico/relatorioCNEs/109900/RelatorioCircunstanciado.html;9,00%;7,00%;1,00%;1,00%;82,00%;0,00%;0,00%
54.346.127/0001-96;2008;http://portal.mj.gov.br/CNEsPublico/relatorioCNEs/31129/RelatorioCircunstanciado.html;%;%;0,00%;43,00%;3,00%;54,00%;0,00%
68.018.050/0001-30;2008;http://portal.mj.gov.br/CNEsPublico/relatorioCNEs/31273/RelatorioCircunstanciado.html;4,31%;11,57%;0,00%;%;84,12%;0,00%;%
64.042.740/0001-73;2011;http://portal.mj.gov.br/CNEsPublico/relatorioCNEs/110050/RelatorioCircunstanciado.html;0,00%;0,00%;0,00%;%;0,00%;%;0,00%
58.218.207/0001-17;2008;http://portal.mj.gov.br/CNEsPublico/relatorioCNEs/32116/RelatorioCircunstanciado.html;21,69%;58,59%;0,00%;19,72%;0,00%;0,00%;%
66.505.017/0001-09;2008;http://portal.mj.gov.br/CNEsPublico/relatorioCNEs/32182/RelatorioCircunstanciado.html;%;26,00%;%;4,00%;70,00%;0,00%;0,00%
58.198.227/0001-73;2008;http://portal.mj.gov.br/CNEsPublico/relatorioCNEs/33257/RelatorioCircunstanciado.html;26,55%;0,40%;23,16%;4,93%;44,96%;0,00%;0,00%
66.505.017/0001-09;2011;http://portal.mj.gov.br/CNEsPublico/relatorioCNEs/110274/RelatorioCircunstanciado.html;%;30,75%;0,00%;0,11%;69,14%;0,00%;0,00%
58.253.667/0001-86;2008;http://portal.mj.gov.br/CNEsPublico/relatorioCNEs/36089/RelatorioCircunstanciado.html;95,00%;0,30%;4,70%;%;%;%;%
58.250.267/0001-17;2008;http://portal.mj.gov.br/CNEsPublico/relatorioCNEs/37260/RelatorioCircunstanciado.html;25,55%;8,86%;%;7,34%;58,25%;%;%
51.642.288/0001-39;2007;http://portal.mj.gov.br/CNEsPublico/relatorioCNEs/37986/RelatorioCircunstanciado.html;0,00%;20,00%;0,00%;%;80,00%;%;0,00%
58.228.453/0001-50;2011;http://portal.mj.gov.br/CNEsPublico/relatorioCNEs/110585/RelatorioCircunstanciado.html;0,00%;60,00%;0,00%;0,00%;40,00%;0,00%;0,00%
58.198.524/0001-19;2008;http://portal.mj.gov.br/CNEsPublico/relatorioCNEs/39992/RelatorioCircunstanciado.html;98,50%;%;0,90%;%;0,60%;%;%
52.246.451/0001-07;2008;http://portal.mj.gov.br/CNEsPublico/relatorioCNEs/40286/RelatorioCircunstanciado.html;83,00%;5,00%;0,00%;0,00%;12,00%;0,00%;%
58.251.711/0001-19;2008;http://portal.mj.gov.br/CNEsPublico/relatorioCNEs/41461/RelatorioCircunstanciado.html;100,00%;%;%;%;%;%;%
68.011.865/0001-97;2011;http://portal.mj.gov.br/CNEsPublico/relatorioCNEs/110859/RelatorioCircunstanciado.html;%;%;%;26,00%;74,00%;0,00%;%
58.167.032/0001-66;2006;http://portal.mj.gov.br/CNEsPublico/relatorioCNEs/43500/RelatorioCircunstanciado.html;%;23,00%;%;%;77,00%;%;%
71.545.636/0001-67;2008;http://portal.mj.gov.br/CNEsPublico/relatorioCNEs/43541/RelatorioCircunstanciado.html;0,00%;11,54%;0,00%;88,46%;0,00%;0,00%;0,00%
64.042.740/0001-73;2008;http://portal.mj.gov.br/CNEsPublico/relatorioCNEs/44163/RelatorioCircunstanciado.html;0,00%;0,00%;0,00%;%;0,00%;%;0,00%
68.025.576/0001-47;2011;http://portal.mj.gov.br/CNEsPublico/relatorioCNEs/111540/RelatorioCircunstanciado.html;4,10%;3,70%;14,00%;0,50%;77,70%;0,00%;%
66.505.017/0001-09;2007;http://portal.mj.gov.br/CNEsPublico/relatorioCNEs/13035/RelatorioCircunstanciado.html;%;26,00%;%;4,00%;70,00%;%;%
58.250.267/0001-17;2011;http://portal.mj.gov.br/CNEsPublico/relatorioCNEs/111864/RelatorioCircunstanciado.html;30,31%;10,19%;0,00%;6,51%;52,99%;0,00%;%
58.269.515/0001-71;2009;http://portal.mj.gov.br/CNEsPublico/relatorioCNEs/51233/RelatorioCircunstanciado.html;3,30%;3,30%;9,20%;1,20%;83,00%;0,00%;0,00%
58.222.910/0001-07;2009;http://portal.mj.gov.br/CNEsPublico/relatorioCNEs/51625/RelatorioCircunstanciado.html;%;34,46%;0,17%;%;65,37%;%;%
55.674.980/0001-08;2009;http://portal.mj.gov.br/CNEsPublico/relatorioCNEs/53215/RelatorioCircunstanciado.html;0,00%;60,00%;4,00%;19,00%;17,00%;0,00%;%
58.219.551/0001-20;2009;http://portal.mj.gov.br/CNEsPublico/relatorioCNEs/54165/RelatorioCircunstanciado.html;0,00%;64,00%;0,00%;25,00%;11,00%;0,00%;0,00%
22.690.069/0001-27;2009;http://portal.mj.gov.br/CNEsPublico/relatorioCNEs/54426/RelatorioCircunstanciado.html;0,00%;0,00%;0,00%;0,00%;82,17%;17,83%;0,00%
58.207.572/0001-26;2009;http://portal.mj.gov.br/CNEsPublico/relatorioCNEs/55093/RelatorioCircunstanciado.html;100,00%;%;%;%;%;%;%
58.191.008/0001-62;2009;http://portal.mj.gov.br/CNEsPublico/relatorioCNEs/55406/RelatorioCircunstanciado.html;99,00%;%;1,00%;%;%;%;%
58.198.227/0001-73;2009;http://portal.mj.gov.br/CNEsPublico/relatorioCNEs/56125/RelatorioCircunstanciado.html;26,87%;0,36%;18,82%;5,99%;47,96%;0,00%;0,00%
58.198.128/0001-91;2009;http://portal.mj.gov.br/CNEsPublico/relatorioCNEs/56202/RelatorioCircunstanciado.html;0,28%;4,75%;5,67%;3,00%;86,30%;%;0,00%
58.228.453/0001-50;2009;http://portal.mj.gov.br/CNEsPublico/relatorioCNEs/58477/RelatorioCircunstanciado.html;%;60,00%;%;%;40,00%;0,00%;%
64.042.740/0001-73;2009;http://portal.mj.gov.br/CNEsPublico/relatorioCNEs/58915/RelatorioCircunstanciado.html;0,00%;0,00%;0,00%;%;0,00%;%;0,00%
71.545.636/0001-67;2011;http://portal.mj.gov.br/CNEsPublico/relatorioCNEs/113169/RelatorioCircunstanciado.html;0,00%;22,83%;0,80%;8,89%;67,48%;0,00%;0,00%
46.798.492/0001-03;2009;http://portal.mj.gov.br/CNEsPublico/relatorioCNEs/61877/RelatorioCircunstanciado.html;%;92,00%;0,00%;8,00%;%;%;%
58.250.267/0001-17;2009;http://portal.mj.gov.br/CNEsPublico/relatorioCNEs/62458/RelatorioCircunstanciado.html;26,65%;7,23%;%;8,65%;57,47%;%;%
52.246.451/0001-07;2009;http://portal.mj.gov.br/CNEsPublico/relatorioCNEs/62947/RelatorioCircunstanciado.html;71,00%;7,00%;0,00%;0,00%;22,00%;0,00%;0,00%
58.194.622/0001-88;2009;http://portal.mj.gov.br/CNEsPublico/relatorioCNEs/63190/RelatorioCircunstanciado.html;99,26%;0,48%;0,24%;0,02%;0,00%;0,00%;%
58.198.524/0001-19;2009;http://portal.mj.gov.br/CNEsPublico/relatorioCNEs/63581/RelatorioCircunstanciado.html;98,50%;%;0,90%;%;0,60%;%;%
58.222.878/0001-51;2009;http://portal.mj.gov.br/CNEsPublico/relatorioCNEs/65053/RelatorioCircunstanciado.html;%;76,19%;0,84%;0,00%;22,97%;0,00%;%
58.252.602/0001-16;2009;http://portal.mj.gov.br/CNEsPublico/relatorioCNEs/65867/RelatorioCircunstanciado.html;40,00%;60,00%;%;%;%;%;%
71.545.636/0001-67;2009;http://portal.mj.gov.br/CNEsPublico/relatorioCNEs/66369/RelatorioCircunstanciado.html;0,00%;26,81%;46,47%;26,72%;0,00%;0,00%;0,00%
58.253.667/0001-86;2009;http://portal.mj.gov.br/CNEsPublico/relatorioCNEs/68239/RelatorioCircunstanciado.html;95,00%;0,30%;4,70%;%;%;%;%
58.225.905/0001-40;2009;http://portal.mj.gov.br/CNEsPublico/relatorioCNEs/69278/RelatorioCircunstanciado.html;45,89%;30,46%;%;%;23,65%;%;%
58.263.898/0001-70;2009;http://portal.mj.gov.br/CNEsPublico/relatorioCNEs/70307/RelatorioCircunstanciado.html;0,00%;54,40%;%;%;45,60%;%;%
58.222.910/0001-07;2009;http://portal.mj.gov.br/CNEsPublico/relatorioCNEs/74915/RelatorioCircunstanciado.html;%;34,46%;0,17%;%;65,37%;%;%
58.225.905/0001-40;2010;http://portal.mj.gov.br/CNEsPublico/relatorioCNEs/75504/RelatorioCircunstanciado.html;45,89%;30,46%;%;%;23,65%;%;%
58.218.215/0001-63;2010;http://portal.mj.gov.br/CNEsPublico/relatorioCNEs/75812/RelatorioCircunstanciado.html;55,26%;1,35%;0,00%;2,91%;40,48%;0,00%;0,00%
58.198.128/0001-91;2010;http://portal.mj.gov.br/CNEsPublico/relatorioCNEs/75961/RelatorioCircunstanciado.html;0,20%;4,29%;5,88%;5,90%;83,73%;%;0,00%
58.413.451/0001-30;2010;http://portal.mj.gov.br/CNEsPublico/relatorioCNEs/76116/RelatorioCircunstanciado.html;%;%;100,00%;%;%;%;%
58.191.008/0001-62;2010;http://portal.mj.gov.br/CNEsPublico/relatorioCNEs/77458/RelatorioCircunstanciado.html;99,00%;%;1,00%;%;%;%;%
58.167.032/0001-66;2010;http://portal.mj.gov.br/CNEsPublico/relatorioCNEs/78086/RelatorioCircunstanciado.html;%;23,00%;0,00%;0,00%;77,00%;%;%
58.219.551/0001-20;2010;http://portal.mj.gov.br/CNEsPublico/relatorioCNEs/79547/RelatorioCircunstanciado.html;0,00%;7,00%;0,00%;82,00%;11,00%;0,00%;0,00%
58.222.910/0001-07;2007;http://portal.mj.gov.br/CNEsPublico/relatorioCNEs/80148/RelatorioCircunstanciado.html;%;6,00%;12,00%;34,00%;48,00%;%;%
58.222.910/0001-07;2008;http://portal.mj.gov.br/CNEsPublico/relatorioCNEs/80149/RelatorioCircunstanciado.html;%;6,00%;12,00%;34,00%;48,00%;%;%
58.222.910/0001-07;2010;http://portal.mj.gov.br/CNEsPublico/relatorioCNEs/80151/RelatorioCircunstanciado.html;%;34,46%;0,17%;0,00%;65,37%;0,00%;%
51.642.288/0001-39;2011;http://portal.mj.gov.br/CNEsPublico/relatorioCNEs/114750/RelatorioCircunstanciado.html;0,00%;20,00%;0,00%;%;80,00%;%;0,00%
55.674.782/0001-36;2010;http://portal.mj.gov.br/CNEsPublico/relatorioCNEs/82633/RelatorioCircunstanciado.html;0,00%;15,50%;%;4,41%;80,09%;0,00%;%
64.042.740/0001-73;2010;http://portal.mj.gov.br/CNEsPublico/relatorioCNEs/84168/RelatorioCircunstanciado.html;0,00%;0,00%;0,00%;%;0,00%;%;0,00%
58.251.711/0001-19;2010;http://portal.mj.gov.br/CNEsPublico/relatorioCNEs/84201/RelatorioCircunstanciado.html;%;%;%;%;%;%;%
58.250.267/0001-17;2010;http://portal.mj.gov.br/CNEsPublico/relatorioCNEs/85561/RelatorioCircunstanciado.html;26,17%;9,18%;%;8,28%;56,37%;%;%
52.246.451/0001-07;2010;http://portal.mj.gov.br/CNEsPublico/relatorioCNEs/85878/RelatorioCircunstanciado.html;59,00%;7,00%;0,00%;11,00%;23,00%;0,00%;0,00%
58.269.515/0001-71;2010;http://portal.mj.gov.br/CNEsPublico/relatorioCNEs/86764/RelatorioCircunstanciado.html;3,30%;3,30%;9,20%;1,20%;83,00%;0,00%;0,00%
58.198.524/0001-19;2010;http://portal.mj.gov.br/CNEsPublico/relatorioCNEs/115268/RelatorioCircunstanciado.html;96,90%;%;1,40%;%;1,70%;%;%
11.043.826/0001-54;2010;http://portal.mj.gov.br/CNEsPublico/relatorioCNEs/88089/RelatorioCircunstanciado.html;0,00%;100,00%;0,00%;%;%;%;%
51.642.288/0001-39;2010;http://portal.mj.gov.br/CNEsPublico/relatorioCNEs/88270/RelatorioCircunstanciado.html;0,00%;20,00%;0,00%;%;80,00%;%;0,00%
11.043.826/0001-54;2011;http://portal.mj.gov.br/CNEsPublico/relatorioCNEs/115556/RelatorioCircunstanciado.html;0,00%;100,00%;0,00%;%;%;%;%
58.413.451/0001-30;2007;http://portal.mj.gov.br/CNEsPublico/relatorioCNEs/91707/RelatorioCircunstanciado.html;%;%;%;%;%;%;%
71.545.636/0001-67;2010;http://portal.mj.gov.br/CNEsPublico/relatorioCNEs/92167/RelatorioCircunstanciado.html;0,00%;4,78%;56,23%;10,88%;28,11%;0,00%;0,00%
58.207.572/0001-26;2010;http://portal.mj.gov.br/CNEsPublico/relatorioCNEs/93282/RelatorioCircunstanciado.html;99,06%;%;%;%;0,94%;%;%
58.413.451/0001-30;2011;http://portal.mj.gov.br/CNEsPublico/relatorioCNEs/115768/RelatorioCircunstanciado.html;%;%;100,00%;0,00%;%;%;%
58.167.032/0001-66;2007;http://portal.mj.gov.br/CNEsPublico/relatorioCNEs/96999/RelatorioCircunstanciado.html;%;23,00%;%;%;77,00%;0,00%;0,00%
58.251.711/0001-19;2007;http://portal.mj.gov.br/CNEsPublico/relatorioCNEs/18383/RelatorioCircunstanciado.html;100,00%;%;%;%;%;%;%
58.198.128/0001-91;2007;http://portal.mj.gov.br/CNEsPublico/relatorioCNEs/18388/RelatorioCircunstanciado.html;1,57%;1,07%;3,35%;6,35%;87,66%;%;0,00%
58.232.521/0001-54;2011;http://portal.mj.gov.br/CNEsPublico/relatorioCNEs/98919/RelatorioCircunstanciado.html;97,00%;%;%;0,00%;3,00%;%;%
58.198.128/0001-91;2011;http://portal.mj.gov.br/CNEsPublico/relatorioCNEs/98970/RelatorioCircunstanciado.html;0,20%;4,29%;5,88%;5,90%;83,73%;%;0,00%
58.198.227/0001-73;2011;http://portal.mj.gov.br/CNEsPublico/relatorioCNEs/98993/RelatorioCircunstanciado.html;16,57%;0,03%;31,30%;0,00%;52,10%;0,00%;0,00%
58.225.905/0001-40;2011;http://portal.mj.gov.br/CNEsPublico/relatorioCNEs/99175/RelatorioCircunstanciado.html;45,89%;30,46%;%;%;23,65%;%;%
60.015.070/0001-45;2011;http://portal.mj.gov.br/CNEsPublico/relatorioCNEs/99354/RelatorioCircunstanciado.html;0,00%;21,00%;0,00%;13,00%;66,00%;0,00%;0,00%
58.222.878/0001-51;2011;http://portal.mj.gov.br/CNEsPublico/relatorioCNEs/99711/RelatorioCircunstanciado.html;%;76,08%;0,00%;0,00%;23,92%;0,00%;0,00%
64.715.899/0001-01;2011;http://portal.mj.gov.br/CNEsPublico/relatorioCNEs/99990/RelatorioCircunstanciado.html;%;%;27,00%;3,00%;70,00%;0,00%;%
55.674.980/0001-08;2011;http://portal.mj.gov.br/CNEsPublico/relatorioCNEs/100128/RelatorioCircunstanciado.html;0,00%;51,00%;15,00%;18,00%;16,00%;0,00%;%
46.781.142/0001-34;2011;http://portal.mj.gov.br/CNEsPublico/relatorioCNEs/100372/RelatorioCircunstanciado.html;%;74,00%;%;0,00%;26,00%;%;%
58.218.207/0001-17;2011;http://portal.mj.gov.br/CNEsPublico/relatorioCNEs/116448/RelatorioCircunstanciado.html;13,27%;51,82%;0,00%;3,45%;31,46%;0,00%;0,00%
58.207.572/0001-26;2011;http://portal.mj.gov.br/CNEsPublico/relatorioCNEs/101058/RelatorioCircunstanciado.html;93,67%;%;%;%;6,33%;%;%
58.236.456/0001-35;2011;http://portal.mj.gov.br/CNEsPublico/relatorioCNEs/101126/RelatorioCircunstanciado.html;70,00%;5,00%;2,00%;8,00%;15,00%;%;%
58.218.215/0001-63;2011;http://portal.mj.gov.br/CNEsPublico/relatorioCNEs/101299/RelatorioCircunstanciado.html;39,52%;1,17%;0,00%;2,37%;56,94%;0,00%;0,00%
58.222.910/0001-07;2011;http://portal.mj.gov.br/CNEsPublico/relatorioCNEs/101906/RelatorioCircunstanciado.html;%;52,42%;0,07%;0,00%;47,51%;0,00%;%
46.170.494/0001-53;2011;http://portal.mj.gov.br/CNEsPublico/relatorioCNEs/102207/RelatorioCircunstanciado.html;27,90%;5,38%;%;0,00%;66,72%;0,00%;%
58.252.602/0001-16;2011;http://portal.mj.gov.br/CNEsPublico/relatorioCNEs/102343/RelatorioCircunstanciado.html;40,00%;60,00%;%;%;%;%;%
58.224.692/0001-31;2011;http://portal.mj.gov.br/CNEsPublico/relatorioCNEs/102410/RelatorioCircunstanciado.html;0,00%;18,25%;0,00%;7,35%;74,40%;0,00%;0,00%
68.018.050/0001-30;2011;http://portal.mj.gov.br/CNEsPublico/relatorioCNEs/103555/RelatorioCircunstanciado.html;20,74%;0,00%;0,00%;0,00%;79,26%;0,00%;%
62.292.420/0001-46;2011;http://portal.mj.gov.br/CNEsPublico/relatorioCNEs/104019/RelatorioCircunstanciado.html;19,02%;6,70%;0,00%;1,87%;72,41%;0,00%;0,00%
55.674.782/0001-36;2011;http://portal.mj.gov.br/CNEsPublico/relatorioCNEs/104181/RelatorioCircunstanciado.html;0,00%;14,57%;%;2,01%;83,42%;0,00%;%
58.247.503/0001-46;2011;http://portal.mj.gov.br/CNEsPublico/relatorioCNEs/104292/RelatorioCircunstanciado.html;23,52%;0,40%;1,19%;2,63%;72,26%;0,00%;0,00%
58.253.667/0001-86;2011;http://portal.mj.gov.br/CNEsPublico/relatorioCNEs/104449/RelatorioCircunstanciado.html;71,63%;0,03%;0,00%;0,13%;28,21%;0,00%;%
71.550.222/0001-26;2011;http://portal.mj.gov.br/CNEsPublico/relatorioCNEs/105044/RelatorioCircunstanciado.html;%;%;%;%;%;%;%
62.292.073/0001-51;2011;http://portal.mj.gov.br/CNEsPublico/relatorioCNEs/105358/RelatorioCircunstanciado.html;55,00%;30,00%;10,00%;5,00%;0,00%;%;%
58.251.711/0001-19;2011;http://portal.mj.gov.br/CNEsPublico/relatorioCNEs/105392/RelatorioCircunstanciado.html;100,00%;%;%;%;%;%;%
52.246.451/0001-07;2011;http://portal.mj.gov.br/CNEsPublico/relatorioCNEs/105595/RelatorioCircunstanciado.html;52,00%;11,00%;0,00%;12,00%;25,00%;0,00%;0,00%
58.219.551/0001-20;2011;http://portal.mj.gov.br/CNEsPublico/relatorioCNEs/105695/RelatorioCircunstanciado.html;0,00%;52,00%;0,00%;36,00%;12,00%;0,00%;0,00%
58.230.293/0001-83;2011;http://portal.mj.gov.br/CNEsPublico/relatorioCNEs/105762/RelatorioCircunstanciado.html;%;4,25%;0,46%;9,97%;85,32%;0,00%;0,00%
58.198.524/0001-19;2011;http://portal.mj.gov.br/CNEsPublico/relatorioCNEs/106322/RelatorioCircunstanciado.html;97,55%;%;0,00%;0,95%;1,50%;%;%
10.227.433/0001-38;2011;http://portal.mj.gov.br/CNEsPublico/relatorioCNEs/117252/RelatorioCircunstanciado.html;5,00%;%;95,00%;0,00%;0,00%;%;%
15.321.633/0001-79;2012;http://portal.mj.gov.br/CNEsPublico/relatorioCNEs/106753/RelatorioCircunstanciado.html;0,00%;6,74%;0,00%;65,20%;28,06%;0,00%;0,00%
58.263.898/0001-70;2011;http://portal.mj.gov.br/CNEsPublico/relatorioCNEs/107304/RelatorioCircunstanciado.html;0,00%;52,00%;%;%;48,00%;%;%
